HourUTC,HourDK,PriceArea,ConsumerType_DE35,TotalCon,EventTimestamp,DMY,Hour,Minute,DayOfWeek,Quarter,Month,Day,Year,Season,Dayofyear,DayOfMonth,WeekOfYear,IsWeekend,IsMonthStart,IsMonthEnd,IsQuarterStart,IsQuarterEnd,IsWorkingDay,IsBusinessHours,IsPeakHour,MinuteOfDay,MinuteOfWeek
2022-10-30 01:00,2022-10-30 02:00,DK1,111,45875,2022-10-30 02:00:00,30-10-2022,2,0,6,4,10,30,2022,4,303,30,43,True,False,False,False,False,False,False,False,120,8760
2022-10-30 01:00,2022-10-30 02:00,DK1,112,1299,2022-10-30 02:00:00,30-10-2022,2,0,6,4,10,30,2022,4,303,30,43,True,False,False,False,False,False,False,False,120,8760
2022-10-30 01:00,2022-10-30 02:00,DK1,119,18153,2022-10-30 02:00:00,30-10-2022,2,0,6,4,10,30,2022,4,303,30,43,True,False,False,False,False,False,False,False,120,8760
2022-10-30 01:00,2022-10-30 02:00,DK1,121,152261,2022-10-30 02:00:00,30-10-2022,2,0,6,4,10,30,2022,4,303,30,43,True,False,False,False,False,False,False,False,120,8760
2022-10-30 01:00,2022-10-30 02:00,DK1,122,26038,2022-10-30 02:00:00,30-10-2022,2,0,6,4,10,30,2022,4,303,30,43,True,False,False,False,False,False,False,False,120,8760
2022-10-30 01:00,2022-10-30 02:00,DK1,123,12698,2022-10-30 02:00:00,30-10-2022,2,0,6,4,10,30,2022,4,303,30,43,True,False,False,False,False,False,False,False,120,8760
2022-10-30 01:00,2022-10-30 02:00,DK1,130,15250,2022-10-30 02:00:00,30-10-2022,2,0,6,4,10,30,2022,4,303,30,43,True,False,False,False,False,False,False,False,120,8760
2022-10-30 01:00,2022-10-30 02:00,DK1,211,82995,2022-10-30 02:00:00,30-10-2022,2,0,6,4,10,30,2022,4,303,30,43,True,False,False,False,False,False,False,False,120,8760
2022-10-30 01:00,2022-10-30 02:00,DK1,212,11046,2022-10-30 02:00:00,30-10-2022,2,0,6,4,10,30,2022,4,303,30,43,True,False,False,False,False,False,False,False,120,8760
2022-10-30 01:00,2022-10-30 02:00,DK1,215,1052,2022-10-30 02:00:00,30-10-2022,2,0,6,4,10,30,2022,4,303,30,43,True,False,False,False,False,False,False,False,120,8760
2022-10-30 01:00,2022-10-30 02:00,DK1,220,15012,2022-10-30 02:00:00,30-10-2022,2,0,6,4,10,30,2022,4,303,30,43,True,False,False,False,False,False,False,False,120,8760
2022-10-30 01:00,2022-10-30 02:00,DK1,310,54565,2022-10-30 02:00:00,30-10-2022,2,0,6,4,10,30,2022,4,303,30,43,True,False,False,False,False,False,False,False,120,8760
2022-10-30 01:00,2022-10-30 02:00,DK1,320,5532,2022-10-30 02:00:00,30-10-2022,2,0,6,4,10,30,2022,4,303,30,43,True,False,False,False,False,False,False,False,120,8760
2022-10-30 01:00,2022-10-30 02:00,DK1,330,4520,2022-10-30 02:00:00,30-10-2022,2,0,6,4,10,30,2022,4,303,30,43,True,False,False,False,False,False,False,False,120,8760
2022-10-30 01:00,2022-10-30 02:00,DK1,340,3963,2022-10-30 02:00:00,30-10-2022,2,0,6,4,10,30,2022,4,303,30,43,True,False,False,False,False,False,False,False,120,8760
2022-10-30 01:00,2022-10-30 02:00,DK1,350,30058,2022-10-30 02:00:00,30-10-2022,2,0,6,4,10,30,2022,4,303,30,43,True,False,False,False,False,False,False,False,120,8760
2022-10-30 01:00,2022-10-30 02:00,DK1,360,42721,2022-10-30 02:00:00,30-10-2022,2,0,6,4,10,30,2022,4,303,30,43,True,False,False,False,False,False,False,False,120,8760
2022-10-30 01:00,2022-10-30 02:00,DK1,370,2932,2022-10-30 02:00:00,30-10-2022,2,0,6,4,10,30,2022,4,303,30,43,True,False,False,False,False,False,False,False,120,8760
2022-10-30 01:00,2022-10-30 02:00,DK1,381,1829,2022-10-30 02:00:00,30-10-2022,2,0,6,4,10,30,2022,4,303,30,43,True,False,False,False,False,False,False,False,120,8760
2022-10-30 01:00,2022-10-30 02:00,DK1,382,18378,2022-10-30 02:00:00,30-10-2022,2,0,6,4,10,30,2022,4,303,30,43,True,False,False,False,False,False,False,False,120,8760
2022-10-30 01:00,2022-10-30 02:00,DK1,390,2809,2022-10-30 02:00:00,30-10-2022,2,0,6,4,10,30,2022,4,303,30,43,True,False,False,False,False,False,False,False,120,8760
2022-10-30 01:00,2022-10-30 02:00,DK1,410,9284,2022-10-30 02:00:00,30-10-2022,2,0,6,4,10,30,2022,4,303,30,43,True,False,False,False,False,False,False,False,120,8760
2022-10-30 01:00,2022-10-30 02:00,DK1,421,51844,2022-10-30 02:00:00,30-10-2022,2,0,6,4,10,30,2022,4,303,30,43,True,False,False,False,False,False,False,False,120,8760
2022-10-30 01:00,2022-10-30 02:00,DK1,422,30467,2022-10-30 02:00:00,30-10-2022,2,0,6,4,10,30,2022,4,303,30,43,True,False,False,False,False,False,False,False,120,8760
2022-10-30 01:00,2022-10-30 02:00,DK1,431,16471,2022-10-30 02:00:00,30-10-2022,2,0,6,4,10,30,2022,4,303,30,43,True,False,False,False,False,False,False,False,120,8760
2022-10-30 01:00,2022-10-30 02:00,DK1,432,23817,2022-10-30 02:00:00,30-10-2022,2,0,6,4,10,30,2022,4,303,30,43,True,False,False,False,False,False,False,False,120,8760
2022-10-30 01:00,2022-10-30 02:00,DK1,433,18208,2022-10-30 02:00:00,30-10-2022,2,0,6,4,10,30,2022,4,303,30,43,True,False,False,False,False,False,False,False,120,8760
2022-10-30 01:00,2022-10-30 02:00,DK1,441,51846,2022-10-30 02:00:00,30-10-2022,2,0,6,4,10,30,2022,4,303,30,43,True,False,False,False,False,False,False,False,120,8760
2022-10-30 01:00,2022-10-30 02:00,DK1,442,13409,2022-10-30 02:00:00,30-10-2022,2,0,6,4,10,30,2022,4,303,30,43,True,False,False,False,False,False,False,False,120,8760
2022-10-30 01:00,2022-10-30 02:00,DK1,443,17460,2022-10-30 02:00:00,30-10-2022,2,0,6,4,10,30,2022,4,303,30,43,True,False,False,False,False,False,False,False,120,8760
2022-10-30 01:00,2022-10-30 02:00,DK1,444,9491,2022-10-30 02:00:00,30-10-2022,2,0,6,4,10,30,2022,4,303,30,43,True,False,False,False,False,False,False,False,120,8760
2022-10-30 01:00,2022-10-30 02:00,DK1,445,13122,2022-10-30 02:00:00,30-10-2022,2,0,6,4,10,30,2022,4,303,30,43,True,False,False,False,False,False,False,False,120,8760
2022-10-30 01:00,2022-10-30 02:00,DK1,446,24433,2022-10-30 02:00:00,30-10-2022,2,0,6,4,10,30,2022,4,303,30,43,True,False,False,False,False,False,False,False,120,8760
2022-10-30 01:00,2022-10-30 02:00,DK1,447,13965,2022-10-30 02:00:00,30-10-2022,2,0,6,4,10,30,2022,4,303,30,43,True,False,False,False,False,False,False,False,120,8760
2022-10-30 01:00,2022-10-30 02:00,DK1,450,12077,2022-10-30 02:00:00,30-10-2022,2,0,6,4,10,30,2022,4,303,30,43,True,False,False,False,False,False,False,False,120,8760
2022-10-30 01:00,2022-10-30 02:00,DK1,461,2186,2022-10-30 02:00:00,30-10-2022,2,0,6,4,10,30,2022,4,303,30,43,True,False,False,False,False,False,False,False,120,8760
2022-10-30 01:00,2022-10-30 02:00,DK1,462,1513,2022-10-30 02:00:00,30-10-2022,2,0,6,4,10,30,2022,4,303,30,43,True,False,False,False,False,False,False,False,120,8760
2022-10-30 01:00,2022-10-30 02:00,DK1,999,579288,2022-10-30 02:00:00,30-10-2022,2,0,6,4,10,30,2022,4,303,30,43,True,False,False,False,False,False,False,False,120,8760
2022-10-30 01:00,2022-10-30 02:00,DK2,111,31285,2022-10-30 02:00:00,30-10-2022,2,0,6,4,10,30,2022,4,303,30,43,True,False,False,False,False,False,False,False,120,8760
2022-10-30 01:00,2022-10-30 02:00,DK2,112,1067,2022-10-30 02:00:00,30-10-2022,2,0,6,4,10,30,2022,4,303,30,43,True,False,False,False,False,False,False,False,120,8760
2022-10-30 01:00,2022-10-30 02:00,DK2,119,24251,2022-10-30 02:00:00,30-10-2022,2,0,6,4,10,30,2022,4,303,30,43,True,False,False,False,False,False,False,False,120,8760
2022-10-30 01:00,2022-10-30 02:00,DK2,121,85689,2022-10-30 02:00:00,30-10-2022,2,0,6,4,10,30,2022,4,303,30,43,True,False,False,False,False,False,False,False,120,8760
2022-10-30 01:00,2022-10-30 02:00,DK2,122,26819,2022-10-30 02:00:00,30-10-2022,2,0,6,4,10,30,2022,4,303,30,43,True,False,False,False,False,False,False,False,120,8760
2022-10-30 01:00,2022-10-30 02:00,DK2,123,3951,2022-10-30 02:00:00,30-10-2022,2,0,6,4,10,30,2022,4,303,30,43,True,False,False,False,False,False,False,False,120,8760
2022-10-30 01:00,2022-10-30 02:00,DK2,130,12808,2022-10-30 02:00:00,30-10-2022,2,0,6,4,10,30,2022,4,303,30,43,True,False,False,False,False,False,False,False,120,8760
2022-10-30 01:00,2022-10-30 02:00,DK2,211,16300,2022-10-30 02:00:00,30-10-2022,2,0,6,4,10,30,2022,4,303,30,43,True,False,False,False,False,False,False,False,120,8760
2022-10-30 01:00,2022-10-30 02:00,DK2,212,2451,2022-10-30 02:00:00,30-10-2022,2,0,6,4,10,30,2022,4,303,30,43,True,False,False,False,False,False,False,False,120,8760
2022-10-30 01:00,2022-10-30 02:00,DK2,215,151,2022-10-30 02:00:00,30-10-2022,2,0,6,4,10,30,2022,4,303,30,43,True,False,False,False,False,False,False,False,120,8760
2022-10-30 01:00,2022-10-30 02:00,DK2,220,727,2022-10-30 02:00:00,30-10-2022,2,0,6,4,10,30,2022,4,303,30,43,True,False,False,False,False,False,False,False,120,8760
2022-10-30 01:00,2022-10-30 02:00,DK2,310,19323,2022-10-30 02:00:00,30-10-2022,2,0,6,4,10,30,2022,4,303,30,43,True,False,False,False,False,False,False,False,120,8760
2022-10-30 01:00,2022-10-30 02:00,DK2,320,1597,2022-10-30 02:00:00,30-10-2022,2,0,6,4,10,30,2022,4,303,30,43,True,False,False,False,False,False,False,False,120,8760
2022-10-30 01:00,2022-10-30 02:00,DK2,330,685,2022-10-30 02:00:00,30-10-2022,2,0,6,4,10,30,2022,4,303,30,43,True,False,False,False,False,False,False,False,120,8760
2022-10-30 01:00,2022-10-30 02:00,DK2,340,3169,2022-10-30 02:00:00,30-10-2022,2,0,6,4,10,30,2022,4,303,30,43,True,False,False,False,False,False,False,False,120,8760
2022-10-30 01:00,2022-10-30 02:00,DK2,350,21767,2022-10-30 02:00:00,30-10-2022,2,0,6,4,10,30,2022,4,303,30,43,True,False,False,False,False,False,False,False,120,8760
2022-10-30 01:00,2022-10-30 02:00,DK2,360,9421,2022-10-30 02:00:00,30-10-2022,2,0,6,4,10,30,2022,4,303,30,43,True,False,False,False,False,False,False,False,120,8760
2022-10-30 01:00,2022-10-30 02:00,DK2,370,525,2022-10-30 02:00:00,30-10-2022,2,0,6,4,10,30,2022,4,303,30,43,True,False,False,False,False,False,False,False,120,8760
2022-10-30 01:00,2022-10-30 02:00,DK2,381,431,2022-10-30 02:00:00,30-10-2022,2,0,6,4,10,30,2022,4,303,30,43,True,False,False,False,False,False,False,False,120,8760
2022-10-30 01:00,2022-10-30 02:00,DK2,382,25502,2022-10-30 02:00:00,30-10-2022,2,0,6,4,10,30,2022,4,303,30,43,True,False,False,False,False,False,False,False,120,8760
2022-10-30 01:00,2022-10-30 02:00,DK2,390,1443,2022-10-30 02:00:00,30-10-2022,2,0,6,4,10,30,2022,4,303,30,43,True,False,False,False,False,False,False,False,120,8760
2022-10-30 01:00,2022-10-30 02:00,DK2,410,4496,2022-10-30 02:00:00,30-10-2022,2,0,6,4,10,30,2022,4,303,30,43,True,False,False,False,False,False,False,False,120,8760
2022-10-30 01:00,2022-10-30 02:00,DK2,421,31231,2022-10-30 02:00:00,30-10-2022,2,0,6,4,10,30,2022,4,303,30,43,True,False,False,False,False,False,False,False,120,8760
2022-10-30 01:00,2022-10-30 02:00,DK2,422,15821,2022-10-30 02:00:00,30-10-2022,2,0,6,4,10,30,2022,4,303,30,43,True,False,False,False,False,False,False,False,120,8760
2022-10-30 01:00,2022-10-30 02:00,DK2,431,9832,2022-10-30 02:00:00,30-10-2022,2,0,6,4,10,30,2022,4,303,30,43,True,False,False,False,False,False,False,False,120,8760
2022-10-30 01:00,2022-10-30 02:00,DK2,432,31177,2022-10-30 02:00:00,30-10-2022,2,0,6,4,10,30,2022,4,303,30,43,True,False,False,False,False,False,False,False,120,8760
2022-10-30 01:00,2022-10-30 02:00,DK2,433,35307,2022-10-30 02:00:00,30-10-2022,2,0,6,4,10,30,2022,4,303,30,43,True,False,False,False,False,False,False,False,120,8760
2022-10-30 01:00,2022-10-30 02:00,DK2,441,35122,2022-10-30 02:00:00,30-10-2022,2,0,6,4,10,30,2022,4,303,30,43,True,False,False,False,False,False,False,False,120,8760
2022-10-30 01:00,2022-10-30 02:00,DK2,442,4622,2022-10-30 02:00:00,30-10-2022,2,0,6,4,10,30,2022,4,303,30,43,True,False,False,False,False,False,False,False,120,8760
2022-10-30 01:00,2022-10-30 02:00,DK2,443,23912,2022-10-30 02:00:00,30-10-2022,2,0,6,4,10,30,2022,4,303,30,43,True,False,False,False,False,False,False,False,120,8760
2022-10-30 01:00,2022-10-30 02:00,DK2,444,19547,2022-10-30 02:00:00,30-10-2022,2,0,6,4,10,30,2022,4,303,30,43,True,False,False,False,False,False,False,False,120,8760
2022-10-30 01:00,2022-10-30 02:00,DK2,445,9875,2022-10-30 02:00:00,30-10-2022,2,0,6,4,10,30,2022,4,303,30,43,True,False,False,False,False,False,False,False,120,8760
2022-10-30 01:00,2022-10-30 02:00,DK2,446,22255,2022-10-30 02:00:00,30-10-2022,2,0,6,4,10,30,2022,4,303,30,43,True,False,False,False,False,False,False,False,120,8760
2022-10-30 01:00,2022-10-30 02:00,DK2,447,15316,2022-10-30 02:00:00,30-10-2022,2,0,6,4,10,30,2022,4,303,30,43,True,False,False,False,False,False,False,False,120,8760
2022-10-30 01:00,2022-10-30 02:00,DK2,450,5562,2022-10-30 02:00:00,30-10-2022,2,0,6,4,10,30,2022,4,303,30,43,True,False,False,False,False,False,False,False,120,8760
2022-10-30 01:00,2022-10-30 02:00,DK2,461,13899,2022-10-30 02:00:00,30-10-2022,2,0,6,4,10,30,2022,4,303,30,43,True,False,False,False,False,False,False,False,120,8760
2022-10-30 01:00,2022-10-30 02:00,DK2,462,10177,2022-10-30 02:00:00,30-10-2022,2,0,6,4,10,30,2022,4,303,30,43,True,False,False,False,False,False,False,False,120,8760
2022-10-30 01:00,2022-10-30 02:00,DK2,999,344838,2022-10-30 02:00:00,30-10-2022,2,0,6,4,10,30,2022,4,303,30,43,True,False,False,False,False,False,False,False,120,8760
2022-10-30 00:00,2022-10-30 02:00,DK1,111,48778,2022-10-30 02:00:00,30-10-2022,2,0,6,4,10,30,2022,4,303,30,43,True,False,False,False,False,False,False,False,120,8760
2022-10-30 00:00,2022-10-30 02:00,DK1,112,1313,2022-10-30 02:00:00,30-10-2022,2,0,6,4,10,30,2022,4,303,30,43,True,False,False,False,False,False,False,False,120,8760
2022-10-30 00:00,2022-10-30 02:00,DK1,119,18737,2022-10-30 02:00:00,30-10-2022,2,0,6,4,10,30,2022,4,303,30,43,True,False,False,False,False,False,False,False,120,8760
2022-10-30 00:00,2022-10-30 02:00,DK1,121,166253,2022-10-30 02:00:00,30-10-2022,2,0,6,4,10,30,2022,4,303,30,43,True,False,False,False,False,False,False,False,120,8760
2022-10-30 00:00,2022-10-30 02:00,DK1,122,27171,2022-10-30 02:00:00,30-10-2022,2,0,6,4,10,30,2022,4,303,30,43,True,False,False,False,False,False,False,False,120,8760
2022-10-30 00:00,2022-10-30 02:00,DK1,123,13284,2022-10-30 02:00:00,30-10-2022,2,0,6,4,10,30,2022,4,303,30,43,True,False,False,False,False,False,False,False,120,8760
2022-10-30 00:00,2022-10-30 02:00,DK1,130,15790,2022-10-30 02:00:00,30-10-2022,2,0,6,4,10,30,2022,4,303,30,43,True,False,False,False,False,False,False,False,120,8760
2022-10-30 00:00,2022-10-30 02:00,DK1,211,83310,2022-10-30 02:00:00,30-10-2022,2,0,6,4,10,30,2022,4,303,30,43,True,False,False,False,False,False,False,False,120,8760
2022-10-30 00:00,2022-10-30 02:00,DK1,212,11199,2022-10-30 02:00:00,30-10-2022,2,0,6,4,10,30,2022,4,303,30,43,True,False,False,False,False,False,False,False,120,8760
2022-10-30 00:00,2022-10-30 02:00,DK1,215,1162,2022-10-30 02:00:00,30-10-2022,2,0,6,4,10,30,2022,4,303,30,43,True,False,False,False,False,False,False,False,120,8760
2022-10-30 00:00,2022-10-30 02:00,DK1,220,13808,2022-10-30 02:00:00,30-10-2022,2,0,6,4,10,30,2022,4,303,30,43,True,False,False,False,False,False,False,False,120,8760
2022-10-30 00:00,2022-10-30 02:00,DK1,310,54671,2022-10-30 02:00:00,30-10-2022,2,0,6,4,10,30,2022,4,303,30,43,True,False,False,False,False,False,False,False,120,8760
2022-10-30 00:00,2022-10-30 02:00,DK1,320,5533,2022-10-30 02:00:00,30-10-2022,2,0,6,4,10,30,2022,4,303,30,43,True,False,False,False,False,False,False,False,120,8760
2022-10-30 00:00,2022-10-30 02:00,DK1,330,4491,2022-10-30 02:00:00,30-10-2022,2,0,6,4,10,30,2022,4,303,30,43,True,False,False,False,False,False,False,False,120,8760
2022-10-30 00:00,2022-10-30 02:00,DK1,340,3648,2022-10-30 02:00:00,30-10-2022,2,0,6,4,10,30,2022,4,303,30,43,True,False,False,False,False,False,False,False,120,8760
2022-10-30 00:00,2022-10-30 02:00,DK1,350,29880,2022-10-30 02:00:00,30-10-2022,2,0,6,4,10,30,2022,4,303,30,43,True,False,False,False,False,False,False,False,120,8760
2022-10-30 00:00,2022-10-30 02:00,DK1,360,42830,2022-10-30 02:00:00,30-10-2022,2,0,6,4,10,30,2022,4,303,30,43,True,False,False,False,False,False,False,False,120,8760
2022-10-30 00:00,2022-10-30 02:00,DK1,370,3069,2022-10-30 02:00:00,30-10-2022,2,0,6,4,10,30,2022,4,303,30,43,True,False,False,False,False,False,False,False,120,8760
2022-10-30 00:00,2022-10-30 02:00,DK1,381,1834,2022-10-30 02:00:00,30-10-2022,2,0,6,4,10,30,2022,4,303,30,43,True,False,False,False,False,False,False,False,120,8760
2022-10-30 00:00,2022-10-30 02:00,DK1,382,18238,2022-10-30 02:00:00,30-10-2022,2,0,6,4,10,30,2022,4,303,30,43,True,False,False,False,False,False,False,False,120,8760
2022-10-30 00:00,2022-10-30 02:00,DK1,390,2832,2022-10-30 02:00:00,30-10-2022,2,0,6,4,10,30,2022,4,303,30,43,True,False,False,False,False,False,False,False,120,8760
2022-10-30 00:00,2022-10-30 02:00,DK1,410,9184,2022-10-30 02:00:00,30-10-2022,2,0,6,4,10,30,2022,4,303,30,43,True,False,False,False,False,False,False,False,120,8760
2022-10-30 00:00,2022-10-30 02:00,DK1,421,51316,2022-10-30 02:00:00,30-10-2022,2,0,6,4,10,30,2022,4,303,30,43,True,False,False,False,False,False,False,False,120,8760
2022-10-30 00:00,2022-10-30 02:00,DK1,422,31401,2022-10-30 02:00:00,30-10-2022,2,0,6,4,10,30,2022,4,303,30,43,True,False,False,False,False,False,False,False,120,8760
2022-10-30 00:00,2022-10-30 02:00,DK1,431,17256,2022-10-30 02:00:00,30-10-2022,2,0,6,4,10,30,2022,4,303,30,43,True,False,False,False,False,False,False,False,120,8760
2022-10-30 00:00,2022-10-30 02:00,DK1,432,24249,2022-10-30 02:00:00,30-10-2022,2,0,6,4,10,30,2022,4,303,30,43,True,False,False,False,False,False,False,False,120,8760
2022-10-30 00:00,2022-10-30 02:00,DK1,433,18812,2022-10-30 02:00:00,30-10-2022,2,0,6,4,10,30,2022,4,303,30,43,True,False,False,False,False,False,False,False,120,8760
2022-10-30 00:00,2022-10-30 02:00,DK1,441,52944,2022-10-30 02:00:00,30-10-2022,2,0,6,4,10,30,2022,4,303,30,43,True,False,False,False,False,False,False,False,120,8760
2022-10-30 00:00,2022-10-30 02:00,DK1,442,13864,2022-10-30 02:00:00,30-10-2022,2,0,6,4,10,30,2022,4,303,30,43,True,False,False,False,False,False,False,False,120,8760
2022-10-30 00:00,2022-10-30 02:00,DK1,443,17750,2022-10-30 02:00:00,30-10-2022,2,0,6,4,10,30,2022,4,303,30,43,True,False,False,False,False,False,False,False,120,8760
2022-10-30 00:00,2022-10-30 02:00,DK1,444,9580,2022-10-30 02:00:00,30-10-2022,2,0,6,4,10,30,2022,4,303,30,43,True,False,False,False,False,False,False,False,120,8760
2022-10-30 00:00,2022-10-30 02:00,DK1,445,13246,2022-10-30 02:00:00,30-10-2022,2,0,6,4,10,30,2022,4,303,30,43,True,False,False,False,False,False,False,False,120,8760
2022-10-30 00:00,2022-10-30 02:00,DK1,446,24711,2022-10-30 02:00:00,30-10-2022,2,0,6,4,10,30,2022,4,303,30,43,True,False,False,False,False,False,False,False,120,8760
2022-10-30 00:00,2022-10-30 02:00,DK1,447,14109,2022-10-30 02:00:00,30-10-2022,2,0,6,4,10,30,2022,4,303,30,43,True,False,False,False,False,False,False,False,120,8760
2022-10-30 00:00,2022-10-30 02:00,DK1,450,12108,2022-10-30 02:00:00,30-10-2022,2,0,6,4,10,30,2022,4,303,30,43,True,False,False,False,False,False,False,False,120,8760
2022-10-30 00:00,2022-10-30 02:00,DK1,461,2205,2022-10-30 02:00:00,30-10-2022,2,0,6,4,10,30,2022,4,303,30,43,True,False,False,False,False,False,False,False,120,8760
2022-10-30 00:00,2022-10-30 02:00,DK1,462,1521,2022-10-30 02:00:00,30-10-2022,2,0,6,4,10,30,2022,4,303,30,43,True,False,False,False,False,False,False,False,120,8760
2022-10-30 00:00,2022-10-30 02:00,DK1,999,589449,2022-10-30 02:00:00,30-10-2022,2,0,6,4,10,30,2022,4,303,30,43,True,False,False,False,False,False,False,False,120,8760
2022-10-30 00:00,2022-10-30 02:00,DK2,111,33732,2022-10-30 02:00:00,30-10-2022,2,0,6,4,10,30,2022,4,303,30,43,True,False,False,False,False,False,False,False,120,8760
2022-10-30 00:00,2022-10-30 02:00,DK2,112,1102,2022-10-30 02:00:00,30-10-2022,2,0,6,4,10,30,2022,4,303,30,43,True,False,False,False,False,False,False,False,120,8760
2022-10-30 00:00,2022-10-30 02:00,DK2,119,24851,2022-10-30 02:00:00,30-10-2022,2,0,6,4,10,30,2022,4,303,30,43,True,False,False,False,False,False,False,False,120,8760
2022-10-30 00:00,2022-10-30 02:00,DK2,121,93863,2022-10-30 02:00:00,30-10-2022,2,0,6,4,10,30,2022,4,303,30,43,True,False,False,False,False,False,False,False,120,8760
2022-10-30 00:00,2022-10-30 02:00,DK2,122,27765,2022-10-30 02:00:00,30-10-2022,2,0,6,4,10,30,2022,4,303,30,43,True,False,False,False,False,False,False,False,120,8760
2022-10-30 00:00,2022-10-30 02:00,DK2,123,4127,2022-10-30 02:00:00,30-10-2022,2,0,6,4,10,30,2022,4,303,30,43,True,False,False,False,False,False,False,False,120,8760
2022-10-30 00:00,2022-10-30 02:00,DK2,130,13402,2022-10-30 02:00:00,30-10-2022,2,0,6,4,10,30,2022,4,303,30,43,True,False,False,False,False,False,False,False,120,8760
2022-10-30 00:00,2022-10-30 02:00,DK2,211,16726,2022-10-30 02:00:00,30-10-2022,2,0,6,4,10,30,2022,4,303,30,43,True,False,False,False,False,False,False,False,120,8760
2022-10-30 00:00,2022-10-30 02:00,DK2,212,2496,2022-10-30 02:00:00,30-10-2022,2,0,6,4,10,30,2022,4,303,30,43,True,False,False,False,False,False,False,False,120,8760
2022-10-30 00:00,2022-10-30 02:00,DK2,215,125,2022-10-30 02:00:00,30-10-2022,2,0,6,4,10,30,2022,4,303,30,43,True,False,False,False,False,False,False,False,120,8760
2022-10-30 00:00,2022-10-30 02:00,DK2,220,776,2022-10-30 02:00:00,30-10-2022,2,0,6,4,10,30,2022,4,303,30,43,True,False,False,False,False,False,False,False,120,8760
2022-10-30 00:00,2022-10-30 02:00,DK2,310,19281,2022-10-30 02:00:00,30-10-2022,2,0,6,4,10,30,2022,4,303,30,43,True,False,False,False,False,False,False,False,120,8760
2022-10-30 00:00,2022-10-30 02:00,DK2,320,1648,2022-10-30 02:00:00,30-10-2022,2,0,6,4,10,30,2022,4,303,30,43,True,False,False,False,False,False,False,False,120,8760
2022-10-30 00:00,2022-10-30 02:00,DK2,330,690,2022-10-30 02:00:00,30-10-2022,2,0,6,4,10,30,2022,4,303,30,43,True,False,False,False,False,False,False,False,120,8760
2022-10-30 00:00,2022-10-30 02:00,DK2,340,3137,2022-10-30 02:00:00,30-10-2022,2,0,6,4,10,30,2022,4,303,30,43,True,False,False,False,False,False,False,False,120,8760
2022-10-30 00:00,2022-10-30 02:00,DK2,350,21822,2022-10-30 02:00:00,30-10-2022,2,0,6,4,10,30,2022,4,303,30,43,True,False,False,False,False,False,False,False,120,8760
2022-10-30 00:00,2022-10-30 02:00,DK2,360,9479,2022-10-30 02:00:00,30-10-2022,2,0,6,4,10,30,2022,4,303,30,43,True,False,False,False,False,False,False,False,120,8760
2022-10-30 00:00,2022-10-30 02:00,DK2,370,517,2022-10-30 02:00:00,30-10-2022,2,0,6,4,10,30,2022,4,303,30,43,True,False,False,False,False,False,False,False,120,8760
2022-10-30 00:00,2022-10-30 02:00,DK2,381,423,2022-10-30 02:00:00,30-10-2022,2,0,6,4,10,30,2022,4,303,30,43,True,False,False,False,False,False,False,False,120,8760
2022-10-30 00:00,2022-10-30 02:00,DK2,382,25989,2022-10-30 02:00:00,30-10-2022,2,0,6,4,10,30,2022,4,303,30,43,True,False,False,False,False,False,False,False,120,8760
2022-10-30 00:00,2022-10-30 02:00,DK2,390,1457,2022-10-30 02:00:00,30-10-2022,2,0,6,4,10,30,2022,4,303,30,43,True,False,False,False,False,False,False,False,120,8760
2022-10-30 00:00,2022-10-30 02:00,DK2,410,4526,2022-10-30 02:00:00,30-10-2022,2,0,6,4,10,30,2022,4,303,30,43,True,False,False,False,False,False,False,False,120,8760
2022-10-30 00:00,2022-10-30 02:00,DK2,421,31197,2022-10-30 02:00:00,30-10-2022,2,0,6,4,10,30,2022,4,303,30,43,True,False,False,False,False,False,False,False,120,8760
2022-10-30 00:00,2022-10-30 02:00,DK2,422,16021,2022-10-30 02:00:00,30-10-2022,2,0,6,4,10,30,2022,4,303,30,43,True,False,False,False,False,False,False,False,120,8760
2022-10-30 00:00,2022-10-30 02:00,DK2,431,10380,2022-10-30 02:00:00,30-10-2022,2,0,6,4,10,30,2022,4,303,30,43,True,False,False,False,False,False,False,False,120,8760
2022-10-30 00:00,2022-10-30 02:00,DK2,432,31546,2022-10-30 02:00:00,30-10-2022,2,0,6,4,10,30,2022,4,303,30,43,True,False,False,False,False,False,False,False,120,8760
2022-10-30 00:00,2022-10-30 02:00,DK2,433,35820,2022-10-30 02:00:00,30-10-2022,2,0,6,4,10,30,2022,4,303,30,43,True,False,False,False,False,False,False,False,120,8760
2022-10-30 00:00,2022-10-30 02:00,DK2,441,35548,2022-10-30 02:00:00,30-10-2022,2,0,6,4,10,30,2022,4,303,30,43,True,False,False,False,False,False,False,False,120,8760
2022-10-30 00:00,2022-10-30 02:00,DK2,442,4678,2022-10-30 02:00:00,30-10-2022,2,0,6,4,10,30,2022,4,303,30,43,True,False,False,False,False,False,False,False,120,8760
2022-10-30 00:00,2022-10-30 02:00,DK2,443,24026,2022-10-30 02:00:00,30-10-2022,2,0,6,4,10,30,2022,4,303,30,43,True,False,False,False,False,False,False,False,120,8760
2022-10-30 00:00,2022-10-30 02:00,DK2,444,19647,2022-10-30 02:00:00,30-10-2022,2,0,6,4,10,30,2022,4,303,30,43,True,False,False,False,False,False,False,False,120,8760
2022-10-30 00:00,2022-10-30 02:00,DK2,445,10028,2022-10-30 02:00:00,30-10-2022,2,0,6,4,10,30,2022,4,303,30,43,True,False,False,False,False,False,False,False,120,8760
2022-10-30 00:00,2022-10-30 02:00,DK2,446,22501,2022-10-30 02:00:00,30-10-2022,2,0,6,4,10,30,2022,4,303,30,43,True,False,False,False,False,False,False,False,120,8760
2022-10-30 00:00,2022-10-30 02:00,DK2,447,15537,2022-10-30 02:00:00,30-10-2022,2,0,6,4,10,30,2022,4,303,30,43,True,False,False,False,False,False,False,False,120,8760
2022-10-30 00:00,2022-10-30 02:00,DK2,450,5581,2022-10-30 02:00:00,30-10-2022,2,0,6,4,10,30,2022,4,303,30,43,True,False,False,False,False,False,False,False,120,8760
2022-10-30 00:00,2022-10-30 02:00,DK2,461,14447,2022-10-30 02:00:00,30-10-2022,2,0,6,4,10,30,2022,4,303,30,43,True,False,False,False,False,False,False,False,120,8760
2022-10-30 00:00,2022-10-30 02:00,DK2,462,10770,2022-10-30 02:00:00,30-10-2022,2,0,6,4,10,30,2022,4,303,30,43,True,False,False,False,False,False,False,False,120,8760
2022-10-30 00:00,2022-10-30 02:00,DK2,999,358030,2022-10-30 02:00:00,30-10-2022,2,0,6,4,10,30,2022,4,303,30,43,True,False,False,False,False,False,False,False,120,8760
2021-10-31 01:00,2021-10-31 02:00,DK1,111,52186,2021-10-31 02:00:00,31-10-2021,2,0,6,4,10,31,2021,4,304,31,43,True,False,True,False,True,False,False,False,120,8760
2021-10-31 01:00,2021-10-31 02:00,DK1,112,1856,2021-10-31 02:00:00,31-10-2021,2,0,6,4,10,31,2021,4,304,31,43,True,False,True,False,True,False,False,False,120,8760
2021-10-31 01:00,2021-10-31 02:00,DK1,119,19289,2021-10-31 02:00:00,31-10-2021,2,0,6,4,10,31,2021,4,304,31,43,True,False,True,False,True,False,False,False,120,8760
2021-10-31 01:00,2021-10-31 02:00,DK1,121,174864,2021-10-31 02:00:00,31-10-2021,2,0,6,4,10,31,2021,4,304,31,43,True,False,True,False,True,False,False,False,120,8760
2021-10-31 01:00,2021-10-31 02:00,DK1,122,38380,2021-10-31 02:00:00,31-10-2021,2,0,6,4,10,31,2021,4,304,31,43,True,False,True,False,True,False,False,False,120,8760
2021-10-31 01:00,2021-10-31 02:00,DK1,123,16043,2021-10-31 02:00:00,31-10-2021,2,0,6,4,10,31,2021,4,304,31,43,True,False,True,False,True,False,False,False,120,8760
2021-10-31 01:00,2021-10-31 02:00,DK1,130,25861,2021-10-31 02:00:00,31-10-2021,2,0,6,4,10,31,2021,4,304,31,43,True,False,True,False,True,False,False,False,120,8760
2021-10-31 01:00,2021-10-31 02:00,DK1,211,100418,2021-10-31 02:00:00,31-10-2021,2,0,6,4,10,31,2021,4,304,31,43,True,False,True,False,True,False,False,False,120,8760
2021-10-31 01:00,2021-10-31 02:00,DK1,212,14136,2021-10-31 02:00:00,31-10-2021,2,0,6,4,10,31,2021,4,304,31,43,True,False,True,False,True,False,False,False,120,8760
2021-10-31 01:00,2021-10-31 02:00,DK1,215,1255,2021-10-31 02:00:00,31-10-2021,2,0,6,4,10,31,2021,4,304,31,43,True,False,True,False,True,False,False,False,120,8760
2021-10-31 01:00,2021-10-31 02:00,DK1,220,19641,2021-10-31 02:00:00,31-10-2021,2,0,6,4,10,31,2021,4,304,31,43,True,False,True,False,True,False,False,False,120,8760
2021-10-31 01:00,2021-10-31 02:00,DK1,310,55827,2021-10-31 02:00:00,31-10-2021,2,0,6,4,10,31,2021,4,304,31,43,True,False,True,False,True,False,False,False,120,8760
2021-10-31 01:00,2021-10-31 02:00,DK1,320,8682,2021-10-31 02:00:00,31-10-2021,2,0,6,4,10,31,2021,4,304,31,43,True,False,True,False,True,False,False,False,120,8760
2021-10-31 01:00,2021-10-31 02:00,DK1,330,4032,2021-10-31 02:00:00,31-10-2021,2,0,6,4,10,31,2021,4,304,31,43,True,False,True,False,True,False,False,False,120,8760
2021-10-31 01:00,2021-10-31 02:00,DK1,340,5550,2021-10-31 02:00:00,31-10-2021,2,0,6,4,10,31,2021,4,304,31,43,True,False,True,False,True,False,False,False,120,8760
2021-10-31 01:00,2021-10-31 02:00,DK1,350,43084,2021-10-31 02:00:00,31-10-2021,2,0,6,4,10,31,2021,4,304,31,43,True,False,True,False,True,False,False,False,120,8760
2021-10-31 01:00,2021-10-31 02:00,DK1,360,43587,2021-10-31 02:00:00,31-10-2021,2,0,6,4,10,31,2021,4,304,31,43,True,False,True,False,True,False,False,False,120,8760
2021-10-31 01:00,2021-10-31 02:00,DK1,370,6206,2021-10-31 02:00:00,31-10-2021,2,0,6,4,10,31,2021,4,304,31,43,True,False,True,False,True,False,False,False,120,8760
2021-10-31 01:00,2021-10-31 02:00,DK1,381,2721,2021-10-31 02:00:00,31-10-2021,2,0,6,4,10,31,2021,4,304,31,43,True,False,True,False,True,False,False,False,120,8760
2021-10-31 01:00,2021-10-31 02:00,DK1,382,20718,2021-10-31 02:00:00,31-10-2021,2,0,6,4,10,31,2021,4,304,31,43,True,False,True,False,True,False,False,False,120,8760
2021-10-31 01:00,2021-10-31 02:00,DK1,390,3854,2021-10-31 02:00:00,31-10-2021,2,0,6,4,10,31,2021,4,304,31,43,True,False,True,False,True,False,False,False,120,8760
2021-10-31 01:00,2021-10-31 02:00,DK1,410,10797,2021-10-31 02:00:00,31-10-2021,2,0,6,4,10,31,2021,4,304,31,43,True,False,True,False,True,False,False,False,120,8760
2021-10-31 01:00,2021-10-31 02:00,DK1,421,60739,2021-10-31 02:00:00,31-10-2021,2,0,6,4,10,31,2021,4,304,31,43,True,False,True,False,True,False,False,False,120,8760
2021-10-31 01:00,2021-10-31 02:00,DK1,422,39102,2021-10-31 02:00:00,31-10-2021,2,0,6,4,10,31,2021,4,304,31,43,True,False,True,False,True,False,False,False,120,8760
2021-10-31 01:00,2021-10-31 02:00,DK1,431,19786,2021-10-31 02:00:00,31-10-2021,2,0,6,4,10,31,2021,4,304,31,43,True,False,True,False,True,False,False,False,120,8760
2021-10-31 01:00,2021-10-31 02:00,DK1,432,28319,2021-10-31 02:00:00,31-10-2021,2,0,6,4,10,31,2021,4,304,31,43,True,False,True,False,True,False,False,False,120,8760
2021-10-31 01:00,2021-10-31 02:00,DK1,433,22057,2021-10-31 02:00:00,31-10-2021,2,0,6,4,10,31,2021,4,304,31,43,True,False,True,False,True,False,False,False,120,8760
2021-10-31 01:00,2021-10-31 02:00,DK1,441,82049,2021-10-31 02:00:00,31-10-2021,2,0,6,4,10,31,2021,4,304,31,43,True,False,True,False,True,False,False,False,120,8760
2021-10-31 01:00,2021-10-31 02:00,DK1,442,21733,2021-10-31 02:00:00,31-10-2021,2,0,6,4,10,31,2021,4,304,31,43,True,False,True,False,True,False,False,False,120,8760
2021-10-31 01:00,2021-10-31 02:00,DK1,443,20468,2021-10-31 02:00:00,31-10-2021,2,0,6,4,10,31,2021,4,304,31,43,True,False,True,False,True,False,False,False,120,8760
2021-10-31 01:00,2021-10-31 02:00,DK1,444,10101,2021-10-31 02:00:00,31-10-2021,2,0,6,4,10,31,2021,4,304,31,43,True,False,True,False,True,False,False,False,120,8760
2021-10-31 01:00,2021-10-31 02:00,DK1,445,16576,2021-10-31 02:00:00,31-10-2021,2,0,6,4,10,31,2021,4,304,31,43,True,False,True,False,True,False,False,False,120,8760
2021-10-31 01:00,2021-10-31 02:00,DK1,446,24756,2021-10-31 02:00:00,31-10-2021,2,0,6,4,10,31,2021,4,304,31,43,True,False,True,False,True,False,False,False,120,8760
2021-10-31 01:00,2021-10-31 02:00,DK1,447,16390,2021-10-31 02:00:00,31-10-2021,2,0,6,4,10,31,2021,4,304,31,43,True,False,True,False,True,False,False,False,120,8760
2021-10-31 01:00,2021-10-31 02:00,DK1,450,14327,2021-10-31 02:00:00,31-10-2021,2,0,6,4,10,31,2021,4,304,31,43,True,False,True,False,True,False,False,False,120,8760
2021-10-31 01:00,2021-10-31 02:00,DK1,461,2447,2021-10-31 02:00:00,31-10-2021,2,0,6,4,10,31,2021,4,304,31,43,True,False,True,False,True,False,False,False,120,8760
2021-10-31 01:00,2021-10-31 02:00,DK1,462,1771,2021-10-31 02:00:00,31-10-2021,2,0,6,4,10,31,2021,4,304,31,43,True,False,True,False,True,False,False,False,120,8760
2021-10-31 01:00,2021-10-31 02:00,DK1,999,657897,2021-10-31 02:00:00,31-10-2021,2,0,6,4,10,31,2021,4,304,31,43,True,False,True,False,True,False,False,False,120,8760
2021-10-31 01:00,2021-10-31 02:00,DK2,111,36666,2021-10-31 02:00:00,31-10-2021,2,0,6,4,10,31,2021,4,304,31,43,True,False,True,False,True,False,False,False,120,8760
2021-10-31 01:00,2021-10-31 02:00,DK2,112,1860,2021-10-31 02:00:00,31-10-2021,2,0,6,4,10,31,2021,4,304,31,43,True,False,True,False,True,False,False,False,120,8760
2021-10-31 01:00,2021-10-31 02:00,DK2,119,25689,2021-10-31 02:00:00,31-10-2021,2,0,6,4,10,31,2021,4,304,31,43,True,False,True,False,True,False,False,False,120,8760
2021-10-31 01:00,2021-10-31 02:00,DK2,121,98950,2021-10-31 02:00:00,31-10-2021,2,0,6,4,10,31,2021,4,304,31,43,True,False,True,False,True,False,False,False,120,8760
2021-10-31 01:00,2021-10-31 02:00,DK2,122,39825,2021-10-31 02:00:00,31-10-2021,2,0,6,4,10,31,2021,4,304,31,43,True,False,True,False,True,False,False,False,120,8760
2021-10-31 01:00,2021-10-31 02:00,DK2,123,5022,2021-10-31 02:00:00,31-10-2021,2,0,6,4,10,31,2021,4,304,31,43,True,False,True,False,True,False,False,False,120,8760
2021-10-31 01:00,2021-10-31 02:00,DK2,130,22006,2021-10-31 02:00:00,31-10-2021,2,0,6,4,10,31,2021,4,304,31,43,True,False,True,False,True,False,False,False,120,8760
2021-10-31 01:00,2021-10-31 02:00,DK2,211,20275,2021-10-31 02:00:00,31-10-2021,2,0,6,4,10,31,2021,4,304,31,43,True,False,True,False,True,False,False,False,120,8760
2021-10-31 01:00,2021-10-31 02:00,DK2,212,3513,2021-10-31 02:00:00,31-10-2021,2,0,6,4,10,31,2021,4,304,31,43,True,False,True,False,True,False,False,False,120,8760
2021-10-31 01:00,2021-10-31 02:00,DK2,215,167,2021-10-31 02:00:00,31-10-2021,2,0,6,4,10,31,2021,4,304,31,43,True,False,True,False,True,False,False,False,120,8760
2021-10-31 01:00,2021-10-31 02:00,DK2,220,1134,2021-10-31 02:00:00,31-10-2021,2,0,6,4,10,31,2021,4,304,31,43,True,False,True,False,True,False,False,False,120,8760
2021-10-31 01:00,2021-10-31 02:00,DK2,310,27529,2021-10-31 02:00:00,31-10-2021,2,0,6,4,10,31,2021,4,304,31,43,True,False,True,False,True,False,False,False,120,8760
2021-10-31 01:00,2021-10-31 02:00,DK2,320,1848,2021-10-31 02:00:00,31-10-2021,2,0,6,4,10,31,2021,4,304,31,43,True,False,True,False,True,False,False,False,120,8760
2021-10-31 01:00,2021-10-31 02:00,DK2,330,1182,2021-10-31 02:00:00,31-10-2021,2,0,6,4,10,31,2021,4,304,31,43,True,False,True,False,True,False,False,False,120,8760
2021-10-31 01:00,2021-10-31 02:00,DK2,340,3466,2021-10-31 02:00:00,31-10-2021,2,0,6,4,10,31,2021,4,304,31,43,True,False,True,False,True,False,False,False,120,8760
2021-10-31 01:00,2021-10-31 02:00,DK2,350,24897,2021-10-31 02:00:00,31-10-2021,2,0,6,4,10,31,2021,4,304,31,43,True,False,True,False,True,False,False,False,120,8760
2021-10-31 01:00,2021-10-31 02:00,DK2,360,10315,2021-10-31 02:00:00,31-10-2021,2,0,6,4,10,31,2021,4,304,31,43,True,False,True,False,True,False,False,False,120,8760
2021-10-31 01:00,2021-10-31 02:00,DK2,370,663,2021-10-31 02:00:00,31-10-2021,2,0,6,4,10,31,2021,4,304,31,43,True,False,True,False,True,False,False,False,120,8760
2021-10-31 01:00,2021-10-31 02:00,DK2,381,543,2021-10-31 02:00:00,31-10-2021,2,0,6,4,10,31,2021,4,304,31,43,True,False,True,False,True,False,False,False,120,8760
2021-10-31 01:00,2021-10-31 02:00,DK2,382,28360,2021-10-31 02:00:00,31-10-2021,2,0,6,4,10,31,2021,4,304,31,43,True,False,True,False,True,False,False,False,120,8760
2021-10-31 01:00,2021-10-31 02:00,DK2,390,1428,2021-10-31 02:00:00,31-10-2021,2,0,6,4,10,31,2021,4,304,31,43,True,False,True,False,True,False,False,False,120,8760
2021-10-31 01:00,2021-10-31 02:00,DK2,410,5662,2021-10-31 02:00:00,31-10-2021,2,0,6,4,10,31,2021,4,304,31,43,True,False,True,False,True,False,False,False,120,8760
2021-10-31 01:00,2021-10-31 02:00,DK2,421,36865,2021-10-31 02:00:00,31-10-2021,2,0,6,4,10,31,2021,4,304,31,43,True,False,True,False,True,False,False,False,120,8760
2021-10-31 01:00,2021-10-31 02:00,DK2,422,19475,2021-10-31 02:00:00,31-10-2021,2,0,6,4,10,31,2021,4,304,31,43,True,False,True,False,True,False,False,False,120,8760
2021-10-31 01:00,2021-10-31 02:00,DK2,431,11512,2021-10-31 02:00:00,31-10-2021,2,0,6,4,10,31,2021,4,304,31,43,True,False,True,False,True,False,False,False,120,8760
2021-10-31 01:00,2021-10-31 02:00,DK2,432,36562,2021-10-31 02:00:00,31-10-2021,2,0,6,4,10,31,2021,4,304,31,43,True,False,True,False,True,False,False,False,120,8760
2021-10-31 01:00,2021-10-31 02:00,DK2,433,39509,2021-10-31 02:00:00,31-10-2021,2,0,6,4,10,31,2021,4,304,31,43,True,False,True,False,True,False,False,False,120,8760
2021-10-31 01:00,2021-10-31 02:00,DK2,441,26344,2021-10-31 02:00:00,31-10-2021,2,0,6,4,10,31,2021,4,304,31,43,True,False,True,False,True,False,False,False,120,8760
2021-10-31 01:00,2021-10-31 02:00,DK2,442,5830,2021-10-31 02:00:00,31-10-2021,2,0,6,4,10,31,2021,4,304,31,43,True,False,True,False,True,False,False,False,120,8760
2021-10-31 01:00,2021-10-31 02:00,DK2,443,26193,2021-10-31 02:00:00,31-10-2021,2,0,6,4,10,31,2021,4,304,31,43,True,False,True,False,True,False,False,False,120,8760
2021-10-31 01:00,2021-10-31 02:00,DK2,444,20992,2021-10-31 02:00:00,31-10-2021,2,0,6,4,10,31,2021,4,304,31,43,True,False,True,False,True,False,False,False,120,8760
2021-10-31 01:00,2021-10-31 02:00,DK2,445,12100,2021-10-31 02:00:00,31-10-2021,2,0,6,4,10,31,2021,4,304,31,43,True,False,True,False,True,False,False,False,120,8760
2021-10-31 01:00,2021-10-31 02:00,DK2,446,22763,2021-10-31 02:00:00,31-10-2021,2,0,6,4,10,31,2021,4,304,31,43,True,False,True,False,True,False,False,False,120,8760
2021-10-31 01:00,2021-10-31 02:00,DK2,447,18081,2021-10-31 02:00:00,31-10-2021,2,0,6,4,10,31,2021,4,304,31,43,True,False,True,False,True,False,False,False,120,8760
2021-10-31 01:00,2021-10-31 02:00,DK2,450,6460,2021-10-31 02:00:00,31-10-2021,2,0,6,4,10,31,2021,4,304,31,43,True,False,True,False,True,False,False,False,120,8760
2021-10-31 01:00,2021-10-31 02:00,DK2,461,15454,2021-10-31 02:00:00,31-10-2021,2,0,6,4,10,31,2021,4,304,31,43,True,False,True,False,True,False,False,False,120,8760
2021-10-31 01:00,2021-10-31 02:00,DK2,462,11057,2021-10-31 02:00:00,31-10-2021,2,0,6,4,10,31,2021,4,304,31,43,True,False,True,False,True,False,False,False,120,8760
2021-10-31 01:00,2021-10-31 02:00,DK2,999,375949,2021-10-31 02:00:00,31-10-2021,2,0,6,4,10,31,2021,4,304,31,43,True,False,True,False,True,False,False,False,120,8760
2021-10-31 00:00,2021-10-31 02:00,DK1,111,54144,2021-10-31 02:00:00,31-10-2021,2,0,6,4,10,31,2021,4,304,31,43,True,False,True,False,True,False,False,False,120,8760
2021-10-31 00:00,2021-10-31 02:00,DK1,112,1907,2021-10-31 02:00:00,31-10-2021,2,0,6,4,10,31,2021,4,304,31,43,True,False,True,False,True,False,False,False,120,8760
2021-10-31 00:00,2021-10-31 02:00,DK1,119,19748,2021-10-31 02:00:00,31-10-2021,2,0,6,4,10,31,2021,4,304,31,43,True,False,True,False,True,False,False,False,120,8760
2021-10-31 00:00,2021-10-31 02:00,DK1,121,184761,2021-10-31 02:00:00,31-10-2021,2,0,6,4,10,31,2021,4,304,31,43,True,False,True,False,True,False,False,False,120,8760
2021-10-31 00:00,2021-10-31 02:00,DK1,122,38952,2021-10-31 02:00:00,31-10-2021,2,0,6,4,10,31,2021,4,304,31,43,True,False,True,False,True,False,False,False,120,8760
2021-10-31 00:00,2021-10-31 02:00,DK1,123,16256,2021-10-31 02:00:00,31-10-2021,2,0,6,4,10,31,2021,4,304,31,43,True,False,True,False,True,False,False,False,120,8760
2021-10-31 00:00,2021-10-31 02:00,DK1,130,26197,2021-10-31 02:00:00,31-10-2021,2,0,6,4,10,31,2021,4,304,31,43,True,False,True,False,True,False,False,False,120,8760
2021-10-31 00:00,2021-10-31 02:00,DK1,211,101054,2021-10-31 02:00:00,31-10-2021,2,0,6,4,10,31,2021,4,304,31,43,True,False,True,False,True,False,False,False,120,8760
2021-10-31 00:00,2021-10-31 02:00,DK1,212,14308,2021-10-31 02:00:00,31-10-2021,2,0,6,4,10,31,2021,4,304,31,43,True,False,True,False,True,False,False,False,120,8760
2021-10-31 00:00,2021-10-31 02:00,DK1,215,1246,2021-10-31 02:00:00,31-10-2021,2,0,6,4,10,31,2021,4,304,31,43,True,False,True,False,True,False,False,False,120,8760
2021-10-31 00:00,2021-10-31 02:00,DK1,220,18807,2021-10-31 02:00:00,31-10-2021,2,0,6,4,10,31,2021,4,304,31,43,True,False,True,False,True,False,False,False,120,8760
2021-10-31 00:00,2021-10-31 02:00,DK1,310,57016,2021-10-31 02:00:00,31-10-2021,2,0,6,4,10,31,2021,4,304,31,43,True,False,True,False,True,False,False,False,120,8760
2021-10-31 00:00,2021-10-31 02:00,DK1,320,8705,2021-10-31 02:00:00,31-10-2021,2,0,6,4,10,31,2021,4,304,31,43,True,False,True,False,True,False,False,False,120,8760
2021-10-31 00:00,2021-10-31 02:00,DK1,330,4018,2021-10-31 02:00:00,31-10-2021,2,0,6,4,10,31,2021,4,304,31,43,True,False,True,False,True,False,False,False,120,8760
2021-10-31 00:00,2021-10-31 02:00,DK1,340,5548,2021-10-31 02:00:00,31-10-2021,2,0,6,4,10,31,2021,4,304,31,43,True,False,True,False,True,False,False,False,120,8760
2021-10-31 00:00,2021-10-31 02:00,DK1,350,43992,2021-10-31 02:00:00,31-10-2021,2,0,6,4,10,31,2021,4,304,31,43,True,False,True,False,True,False,False,False,120,8760
2021-10-31 00:00,2021-10-31 02:00,DK1,360,40669,2021-10-31 02:00:00,31-10-2021,2,0,6,4,10,31,2021,4,304,31,43,True,False,True,False,True,False,False,False,120,8760
2021-10-31 00:00,2021-10-31 02:00,DK1,370,5245,2021-10-31 02:00:00,31-10-2021,2,0,6,4,10,31,2021,4,304,31,43,True,False,True,False,True,False,False,False,120,8760
2021-10-31 00:00,2021-10-31 02:00,DK1,381,2682,2021-10-31 02:00:00,31-10-2021,2,0,6,4,10,31,2021,4,304,31,43,True,False,True,False,True,False,False,False,120,8760
2021-10-31 00:00,2021-10-31 02:00,DK1,382,20973,2021-10-31 02:00:00,31-10-2021,2,0,6,4,10,31,2021,4,304,31,43,True,False,True,False,True,False,False,False,120,8760
2021-10-31 00:00,2021-10-31 02:00,DK1,390,3821,2021-10-31 02:00:00,31-10-2021,2,0,6,4,10,31,2021,4,304,31,43,True,False,True,False,True,False,False,False,120,8760
2021-10-31 00:00,2021-10-31 02:00,DK1,410,10856,2021-10-31 02:00:00,31-10-2021,2,0,6,4,10,31,2021,4,304,31,43,True,False,True,False,True,False,False,False,120,8760
2021-10-31 00:00,2021-10-31 02:00,DK1,421,60532,2021-10-31 02:00:00,31-10-2021,2,0,6,4,10,31,2021,4,304,31,43,True,False,True,False,True,False,False,False,120,8760
2021-10-31 00:00,2021-10-31 02:00,DK1,422,39848,2021-10-31 02:00:00,31-10-2021,2,0,6,4,10,31,2021,4,304,31,43,True,False,True,False,True,False,False,False,120,8760
2021-10-31 00:00,2021-10-31 02:00,DK1,431,20747,2021-10-31 02:00:00,31-10-2021,2,0,6,4,10,31,2021,4,304,31,43,True,False,True,False,True,False,False,False,120,8760
2021-10-31 00:00,2021-10-31 02:00,DK1,432,28592,2021-10-31 02:00:00,31-10-2021,2,0,6,4,10,31,2021,4,304,31,43,True,False,True,False,True,False,False,False,120,8760
2021-10-31 00:00,2021-10-31 02:00,DK1,433,22519,2021-10-31 02:00:00,31-10-2021,2,0,6,4,10,31,2021,4,304,31,43,True,False,True,False,True,False,False,False,120,8760
2021-10-31 00:00,2021-10-31 02:00,DK1,441,72435,2021-10-31 02:00:00,31-10-2021,2,0,6,4,10,31,2021,4,304,31,43,True,False,True,False,True,False,False,False,120,8760
2021-10-31 00:00,2021-10-31 02:00,DK1,442,22034,2021-10-31 02:00:00,31-10-2021,2,0,6,4,10,31,2021,4,304,31,43,True,False,True,False,True,False,False,False,120,8760
2021-10-31 00:00,2021-10-31 02:00,DK1,443,20594,2021-10-31 02:00:00,31-10-2021,2,0,6,4,10,31,2021,4,304,31,43,True,False,True,False,True,False,False,False,120,8760
2021-10-31 00:00,2021-10-31 02:00,DK1,444,10159,2021-10-31 02:00:00,31-10-2021,2,0,6,4,10,31,2021,4,304,31,43,True,False,True,False,True,False,False,False,120,8760
2021-10-31 00:00,2021-10-31 02:00,DK1,445,16591,2021-10-31 02:00:00,31-10-2021,2,0,6,4,10,31,2021,4,304,31,43,True,False,True,False,True,False,False,False,120,8760
2021-10-31 00:00,2021-10-31 02:00,DK1,446,24957,2021-10-31 02:00:00,31-10-2021,2,0,6,4,10,31,2021,4,304,31,43,True,False,True,False,True,False,False,False,120,8760
2021-10-31 00:00,2021-10-31 02:00,DK1,447,16387,2021-10-31 02:00:00,31-10-2021,2,0,6,4,10,31,2021,4,304,31,43,True,False,True,False,True,False,False,False,120,8760
2021-10-31 00:00,2021-10-31 02:00,DK1,450,14454,2021-10-31 02:00:00,31-10-2021,2,0,6,4,10,31,2021,4,304,31,43,True,False,True,False,True,False,False,False,120,8760
2021-10-31 00:00,2021-10-31 02:00,DK1,461,2452,2021-10-31 02:00:00,31-10-2021,2,0,6,4,10,31,2021,4,304,31,43,True,False,True,False,True,False,False,False,120,8760
2021-10-31 00:00,2021-10-31 02:00,DK1,462,1788,2021-10-31 02:00:00,31-10-2021,2,0,6,4,10,31,2021,4,304,31,43,True,False,True,False,True,False,False,False,120,8760
2021-10-31 00:00,2021-10-31 02:00,DK1,999,659836,2021-10-31 02:00:00,31-10-2021,2,0,6,4,10,31,2021,4,304,31,43,True,False,True,False,True,False,False,False,120,8760
2021-10-31 00:00,2021-10-31 02:00,DK2,111,38876,2021-10-31 02:00:00,31-10-2021,2,0,6,4,10,31,2021,4,304,31,43,True,False,True,False,True,False,False,False,120,8760
2021-10-31 00:00,2021-10-31 02:00,DK2,112,1867,2021-10-31 02:00:00,31-10-2021,2,0,6,4,10,31,2021,4,304,31,43,True,False,True,False,True,False,False,False,120,8760
2021-10-31 00:00,2021-10-31 02:00,DK2,119,26061,2021-10-31 02:00:00,31-10-2021,2,0,6,4,10,31,2021,4,304,31,43,True,False,True,False,True,False,False,False,120,8760
2021-10-31 00:00,2021-10-31 02:00,DK2,121,105087,2021-10-31 02:00:00,31-10-2021,2,0,6,4,10,31,2021,4,304,31,43,True,False,True,False,True,False,False,False,120,8760
2021-10-31 00:00,2021-10-31 02:00,DK2,122,40490,2021-10-31 02:00:00,31-10-2021,2,0,6,4,10,31,2021,4,304,31,43,True,False,True,False,True,False,False,False,120,8760
2021-10-31 00:00,2021-10-31 02:00,DK2,123,5160,2021-10-31 02:00:00,31-10-2021,2,0,6,4,10,31,2021,4,304,31,43,True,False,True,False,True,False,False,False,120,8760
2021-10-31 00:00,2021-10-31 02:00,DK2,130,22381,2021-10-31 02:00:00,31-10-2021,2,0,6,4,10,31,2021,4,304,31,43,True,False,True,False,True,False,False,False,120,8760
2021-10-31 00:00,2021-10-31 02:00,DK2,211,20595,2021-10-31 02:00:00,31-10-2021,2,0,6,4,10,31,2021,4,304,31,43,True,False,True,False,True,False,False,False,120,8760
2021-10-31 00:00,2021-10-31 02:00,DK2,212,3513,2021-10-31 02:00:00,31-10-2021,2,0,6,4,10,31,2021,4,304,31,43,True,False,True,False,True,False,False,False,120,8760
2021-10-31 00:00,2021-10-31 02:00,DK2,215,179,2021-10-31 02:00:00,31-10-2021,2,0,6,4,10,31,2021,4,304,31,43,True,False,True,False,True,False,False,False,120,8760
2021-10-31 00:00,2021-10-31 02:00,DK2,220,1200,2021-10-31 02:00:00,31-10-2021,2,0,6,4,10,31,2021,4,304,31,43,True,False,True,False,True,False,False,False,120,8760
2021-10-31 00:00,2021-10-31 02:00,DK2,310,27156,2021-10-31 02:00:00,31-10-2021,2,0,6,4,10,31,2021,4,304,31,43,True,False,True,False,True,False,False,False,120,8760
2021-10-31 00:00,2021-10-31 02:00,DK2,320,1836,2021-10-31 02:00:00,31-10-2021,2,0,6,4,10,31,2021,4,304,31,43,True,False,True,False,True,False,False,False,120,8760
2021-10-31 00:00,2021-10-31 02:00,DK2,330,1186,2021-10-31 02:00:00,31-10-2021,2,0,6,4,10,31,2021,4,304,31,43,True,False,True,False,True,False,False,False,120,8760
2021-10-31 00:00,2021-10-31 02:00,DK2,340,3437,2021-10-31 02:00:00,31-10-2021,2,0,6,4,10,31,2021,4,304,31,43,True,False,True,False,True,False,False,False,120,8760
2021-10-31 00:00,2021-10-31 02:00,DK2,350,24702,2021-10-31 02:00:00,31-10-2021,2,0,6,4,10,31,2021,4,304,31,43,True,False,True,False,True,False,False,False,120,8760
2021-10-31 00:00,2021-10-31 02:00,DK2,360,10303,2021-10-31 02:00:00,31-10-2021,2,0,6,4,10,31,2021,4,304,31,43,True,False,True,False,True,False,False,False,120,8760
2021-10-31 00:00,2021-10-31 02:00,DK2,370,672,2021-10-31 02:00:00,31-10-2021,2,0,6,4,10,31,2021,4,304,31,43,True,False,True,False,True,False,False,False,120,8760
2021-10-31 00:00,2021-10-31 02:00,DK2,381,542,2021-10-31 02:00:00,31-10-2021,2,0,6,4,10,31,2021,4,304,31,43,True,False,True,False,True,False,False,False,120,8760
2021-10-31 00:00,2021-10-31 02:00,DK2,382,28103,2021-10-31 02:00:00,31-10-2021,2,0,6,4,10,31,2021,4,304,31,43,True,False,True,False,True,False,False,False,120,8760
2021-10-31 00:00,2021-10-31 02:00,DK2,390,1395,2021-10-31 02:00:00,31-10-2021,2,0,6,4,10,31,2021,4,304,31,43,True,False,True,False,True,False,False,False,120,8760
2021-10-31 00:00,2021-10-31 02:00,DK2,410,5641,2021-10-31 02:00:00,31-10-2021,2,0,6,4,10,31,2021,4,304,31,43,True,False,True,False,True,False,False,False,120,8760
2021-10-31 00:00,2021-10-31 02:00,DK2,421,36753,2021-10-31 02:00:00,31-10-2021,2,0,6,4,10,31,2021,4,304,31,43,True,False,True,False,True,False,False,False,120,8760
2021-10-31 00:00,2021-10-31 02:00,DK2,422,19613,2021-10-31 02:00:00,31-10-2021,2,0,6,4,10,31,2021,4,304,31,43,True,False,True,False,True,False,False,False,120,8760
2021-10-31 00:00,2021-10-31 02:00,DK2,431,12157,2021-10-31 02:00:00,31-10-2021,2,0,6,4,10,31,2021,4,304,31,43,True,False,True,False,True,False,False,False,120,8760
2021-10-31 00:00,2021-10-31 02:00,DK2,432,36587,2021-10-31 02:00:00,31-10-2021,2,0,6,4,10,31,2021,4,304,31,43,True,False,True,False,True,False,False,False,120,8760
2021-10-31 00:00,2021-10-31 02:00,DK2,433,39920,2021-10-31 02:00:00,31-10-2021,2,0,6,4,10,31,2021,4,304,31,43,True,False,True,False,True,False,False,False,120,8760
2021-10-31 00:00,2021-10-31 02:00,DK2,441,27138,2021-10-31 02:00:00,31-10-2021,2,0,6,4,10,31,2021,4,304,31,43,True,False,True,False,True,False,False,False,120,8760
2021-10-31 00:00,2021-10-31 02:00,DK2,442,5991,2021-10-31 02:00:00,31-10-2021,2,0,6,4,10,31,2021,4,304,31,43,True,False,True,False,True,False,False,False,120,8760
2021-10-31 00:00,2021-10-31 02:00,DK2,443,26327,2021-10-31 02:00:00,31-10-2021,2,0,6,4,10,31,2021,4,304,31,43,True,False,True,False,True,False,False,False,120,8760
2021-10-31 00:00,2021-10-31 02:00,DK2,444,21087,2021-10-31 02:00:00,31-10-2021,2,0,6,4,10,31,2021,4,304,31,43,True,False,True,False,True,False,False,False,120,8760
2021-10-31 00:00,2021-10-31 02:00,DK2,445,12228,2021-10-31 02:00:00,31-10-2021,2,0,6,4,10,31,2021,4,304,31,43,True,False,True,False,True,False,False,False,120,8760
2021-10-31 00:00,2021-10-31 02:00,DK2,446,22978,2021-10-31 02:00:00,31-10-2021,2,0,6,4,10,31,2021,4,304,31,43,True,False,True,False,True,False,False,False,120,8760
2021-10-31 00:00,2021-10-31 02:00,DK2,447,18181,2021-10-31 02:00:00,31-10-2021,2,0,6,4,10,31,2021,4,304,31,43,True,False,True,False,True,False,False,False,120,8760
2021-10-31 00:00,2021-10-31 02:00,DK2,450,6460,2021-10-31 02:00:00,31-10-2021,2,0,6,4,10,31,2021,4,304,31,43,True,False,True,False,True,False,False,False,120,8760
2021-10-31 00:00,2021-10-31 02:00,DK2,461,17050,2021-10-31 02:00:00,31-10-2021,2,0,6,4,10,31,2021,4,304,31,43,True,False,True,False,True,False,False,False,120,8760
2021-10-31 00:00,2021-10-31 02:00,DK2,462,11095,2021-10-31 02:00:00,31-10-2021,2,0,6,4,10,31,2021,4,304,31,43,True,False,True,False,True,False,False,False,120,8760
2021-10-31 00:00,2021-10-31 02:00,DK2,999,385359,2021-10-31 02:00:00,31-10-2021,2,0,6,4,10,31,2021,4,304,31,43,True,False,True,False,True,False,False,False,120,8760
2020-10-25 01:00,2020-10-25 02:00,DK1,111,46002,2020-10-25 02:00:00,25-10-2020,2,0,6,4,10,25,2020,4,299,25,43,True,False,False,False,False,False,False,False,120,8760
2020-10-25 01:00,2020-10-25 02:00,DK1,112,1757,2020-10-25 02:00:00,25-10-2020,2,0,6,4,10,25,2020,4,299,25,43,True,False,False,False,False,False,False,False,120,8760
2020-10-25 01:00,2020-10-25 02:00,DK1,119,17021,2020-10-25 02:00:00,25-10-2020,2,0,6,4,10,25,2020,4,299,25,43,True,False,False,False,False,False,False,False,120,8760
2020-10-25 01:00,2020-10-25 02:00,DK1,121,167957,2020-10-25 02:00:00,25-10-2020,2,0,6,4,10,25,2020,4,299,25,43,True,False,False,False,False,False,False,False,120,8760
2020-10-25 01:00,2020-10-25 02:00,DK1,122,34258,2020-10-25 02:00:00,25-10-2020,2,0,6,4,10,25,2020,4,299,25,43,True,False,False,False,False,False,False,False,120,8760
2020-10-25 01:00,2020-10-25 02:00,DK1,123,12615,2020-10-25 02:00:00,25-10-2020,2,0,6,4,10,25,2020,4,299,25,43,True,False,False,False,False,False,False,False,120,8760
2020-10-25 01:00,2020-10-25 02:00,DK1,130,24703,2020-10-25 02:00:00,25-10-2020,2,0,6,4,10,25,2020,4,299,25,43,True,False,False,False,False,False,False,False,120,8760
2020-10-25 01:00,2020-10-25 02:00,DK1,211,103557,2020-10-25 02:00:00,25-10-2020,2,0,6,4,10,25,2020,4,299,25,43,True,False,False,False,False,False,False,False,120,8760
2020-10-25 01:00,2020-10-25 02:00,DK1,212,12442,2020-10-25 02:00:00,25-10-2020,2,0,6,4,10,25,2020,4,299,25,43,True,False,False,False,False,False,False,False,120,8760
2020-10-25 01:00,2020-10-25 02:00,DK1,215,1412,2020-10-25 02:00:00,25-10-2020,2,0,6,4,10,25,2020,4,299,25,43,True,False,False,False,False,False,False,False,120,8760
2020-10-25 01:00,2020-10-25 02:00,DK1,220,17045,2020-10-25 02:00:00,25-10-2020,2,0,6,4,10,25,2020,4,299,25,43,True,False,False,False,False,False,False,False,120,8760
2020-10-25 01:00,2020-10-25 02:00,DK1,310,62761,2020-10-25 02:00:00,25-10-2020,2,0,6,4,10,25,2020,4,299,25,43,True,False,False,False,False,False,False,False,120,8760
2020-10-25 01:00,2020-10-25 02:00,DK1,320,9870,2020-10-25 02:00:00,25-10-2020,2,0,6,4,10,25,2020,4,299,25,43,True,False,False,False,False,False,False,False,120,8760
2020-10-25 01:00,2020-10-25 02:00,DK1,330,4427,2020-10-25 02:00:00,25-10-2020,2,0,6,4,10,25,2020,4,299,25,43,True,False,False,False,False,False,False,False,120,8760
2020-10-25 01:00,2020-10-25 02:00,DK1,340,5375,2020-10-25 02:00:00,25-10-2020,2,0,6,4,10,25,2020,4,299,25,43,True,False,False,False,False,False,False,False,120,8760
2020-10-25 01:00,2020-10-25 02:00,DK1,350,41491,2020-10-25 02:00:00,25-10-2020,2,0,6,4,10,25,2020,4,299,25,43,True,False,False,False,False,False,False,False,120,8760
2020-10-25 01:00,2020-10-25 02:00,DK1,360,40046,2020-10-25 02:00:00,25-10-2020,2,0,6,4,10,25,2020,4,299,25,43,True,False,False,False,False,False,False,False,120,8760
2020-10-25 01:00,2020-10-25 02:00,DK1,370,5832,2020-10-25 02:00:00,25-10-2020,2,0,6,4,10,25,2020,4,299,25,43,True,False,False,False,False,False,False,False,120,8760
2020-10-25 01:00,2020-10-25 02:00,DK1,381,2521,2020-10-25 02:00:00,25-10-2020,2,0,6,4,10,25,2020,4,299,25,43,True,False,False,False,False,False,False,False,120,8760
2020-10-25 01:00,2020-10-25 02:00,DK1,382,20337,2020-10-25 02:00:00,25-10-2020,2,0,6,4,10,25,2020,4,299,25,43,True,False,False,False,False,False,False,False,120,8760
2020-10-25 01:00,2020-10-25 02:00,DK1,390,3949,2020-10-25 02:00:00,25-10-2020,2,0,6,4,10,25,2020,4,299,25,43,True,False,False,False,False,False,False,False,120,8760
2020-10-25 01:00,2020-10-25 02:00,DK1,410,9702,2020-10-25 02:00:00,25-10-2020,2,0,6,4,10,25,2020,4,299,25,43,True,False,False,False,False,False,False,False,120,8760
2020-10-25 01:00,2020-10-25 02:00,DK1,421,58219,2020-10-25 02:00:00,25-10-2020,2,0,6,4,10,25,2020,4,299,25,43,True,False,False,False,False,False,False,False,120,8760
2020-10-25 01:00,2020-10-25 02:00,DK1,422,40196,2020-10-25 02:00:00,25-10-2020,2,0,6,4,10,25,2020,4,299,25,43,True,False,False,False,False,False,False,False,120,8760
2020-10-25 01:00,2020-10-25 02:00,DK1,431,17202,2020-10-25 02:00:00,25-10-2020,2,0,6,4,10,25,2020,4,299,25,43,True,False,False,False,False,False,False,False,120,8760
2020-10-25 01:00,2020-10-25 02:00,DK1,432,29661,2020-10-25 02:00:00,25-10-2020,2,0,6,4,10,25,2020,4,299,25,43,True,False,False,False,False,False,False,False,120,8760
2020-10-25 01:00,2020-10-25 02:00,DK1,433,21124,2020-10-25 02:00:00,25-10-2020,2,0,6,4,10,25,2020,4,299,25,43,True,False,False,False,False,False,False,False,120,8760
2020-10-25 01:00,2020-10-25 02:00,DK1,441,114584,2020-10-25 02:00:00,25-10-2020,2,0,6,4,10,25,2020,4,299,25,43,True,False,False,False,False,False,False,False,120,8760
2020-10-25 01:00,2020-10-25 02:00,DK1,442,15974,2020-10-25 02:00:00,25-10-2020,2,0,6,4,10,25,2020,4,299,25,43,True,False,False,False,False,False,False,False,120,8760
2020-10-25 01:00,2020-10-25 02:00,DK1,443,20024,2020-10-25 02:00:00,25-10-2020,2,0,6,4,10,25,2020,4,299,25,43,True,False,False,False,False,False,False,False,120,8760
2020-10-25 01:00,2020-10-25 02:00,DK1,444,9994,2020-10-25 02:00:00,25-10-2020,2,0,6,4,10,25,2020,4,299,25,43,True,False,False,False,False,False,False,False,120,8760
2020-10-25 01:00,2020-10-25 02:00,DK1,445,15977,2020-10-25 02:00:00,25-10-2020,2,0,6,4,10,25,2020,4,299,25,43,True,False,False,False,False,False,False,False,120,8760
2020-10-25 01:00,2020-10-25 02:00,DK1,446,24408,2020-10-25 02:00:00,25-10-2020,2,0,6,4,10,25,2020,4,299,25,43,True,False,False,False,False,False,False,False,120,8760
2020-10-25 01:00,2020-10-25 02:00,DK1,447,16759,2020-10-25 02:00:00,25-10-2020,2,0,6,4,10,25,2020,4,299,25,43,True,False,False,False,False,False,False,False,120,8760
2020-10-25 01:00,2020-10-25 02:00,DK1,450,15893,2020-10-25 02:00:00,25-10-2020,2,0,6,4,10,25,2020,4,299,25,43,True,False,False,False,False,False,False,False,120,8760
2020-10-25 01:00,2020-10-25 02:00,DK1,461,2344,2020-10-25 02:00:00,25-10-2020,2,0,6,4,10,25,2020,4,299,25,43,True,False,False,False,False,False,False,False,120,8760
2020-10-25 01:00,2020-10-25 02:00,DK1,462,2080,2020-10-25 02:00:00,25-10-2020,2,0,6,4,10,25,2020,4,299,25,43,True,False,False,False,False,False,False,False,120,8760
2020-10-25 01:00,2020-10-25 02:00,DK1,999,561913,2020-10-25 02:00:00,25-10-2020,2,0,6,4,10,25,2020,4,299,25,43,True,False,False,False,False,False,False,False,120,8760
2020-10-25 01:00,2020-10-25 02:00,DK2,111,36867,2020-10-25 02:00:00,25-10-2020,2,0,6,4,10,25,2020,4,299,25,43,True,False,False,False,False,False,False,False,120,8760
2020-10-25 01:00,2020-10-25 02:00,DK2,112,1756,2020-10-25 02:00:00,25-10-2020,2,0,6,4,10,25,2020,4,299,25,43,True,False,False,False,False,False,False,False,120,8760
2020-10-25 01:00,2020-10-25 02:00,DK2,119,23893,2020-10-25 02:00:00,25-10-2020,2,0,6,4,10,25,2020,4,299,25,43,True,False,False,False,False,False,False,False,120,8760
2020-10-25 01:00,2020-10-25 02:00,DK2,121,94047,2020-10-25 02:00:00,25-10-2020,2,0,6,4,10,25,2020,4,299,25,43,True,False,False,False,False,False,False,False,120,8760
2020-10-25 01:00,2020-10-25 02:00,DK2,122,35688,2020-10-25 02:00:00,25-10-2020,2,0,6,4,10,25,2020,4,299,25,43,True,False,False,False,False,False,False,False,120,8760
2020-10-25 01:00,2020-10-25 02:00,DK2,123,4321,2020-10-25 02:00:00,25-10-2020,2,0,6,4,10,25,2020,4,299,25,43,True,False,False,False,False,False,False,False,120,8760
2020-10-25 01:00,2020-10-25 02:00,DK2,130,21614,2020-10-25 02:00:00,25-10-2020,2,0,6,4,10,25,2020,4,299,25,43,True,False,False,False,False,False,False,False,120,8760
2020-10-25 01:00,2020-10-25 02:00,DK2,211,21530,2020-10-25 02:00:00,25-10-2020,2,0,6,4,10,25,2020,4,299,25,43,True,False,False,False,False,False,False,False,120,8760
2020-10-25 01:00,2020-10-25 02:00,DK2,212,2839,2020-10-25 02:00:00,25-10-2020,2,0,6,4,10,25,2020,4,299,25,43,True,False,False,False,False,False,False,False,120,8760
2020-10-25 01:00,2020-10-25 02:00,DK2,215,130,2020-10-25 02:00:00,25-10-2020,2,0,6,4,10,25,2020,4,299,25,43,True,False,False,False,False,False,False,False,120,8760
2020-10-25 01:00,2020-10-25 02:00,DK2,220,867,2020-10-25 02:00:00,25-10-2020,2,0,6,4,10,25,2020,4,299,25,43,True,False,False,False,False,False,False,False,120,8760
2020-10-25 01:00,2020-10-25 02:00,DK2,310,26059,2020-10-25 02:00:00,25-10-2020,2,0,6,4,10,25,2020,4,299,25,43,True,False,False,False,False,False,False,False,120,8760
2020-10-25 01:00,2020-10-25 02:00,DK2,320,2129,2020-10-25 02:00:00,25-10-2020,2,0,6,4,10,25,2020,4,299,25,43,True,False,False,False,False,False,False,False,120,8760
2020-10-25 01:00,2020-10-25 02:00,DK2,330,1089,2020-10-25 02:00:00,25-10-2020,2,0,6,4,10,25,2020,4,299,25,43,True,False,False,False,False,False,False,False,120,8760
2020-10-25 01:00,2020-10-25 02:00,DK2,340,3328,2020-10-25 02:00:00,25-10-2020,2,0,6,4,10,25,2020,4,299,25,43,True,False,False,False,False,False,False,False,120,8760
2020-10-25 01:00,2020-10-25 02:00,DK2,350,22463,2020-10-25 02:00:00,25-10-2020,2,0,6,4,10,25,2020,4,299,25,43,True,False,False,False,False,False,False,False,120,8760
2020-10-25 01:00,2020-10-25 02:00,DK2,360,6221,2020-10-25 02:00:00,25-10-2020,2,0,6,4,10,25,2020,4,299,25,43,True,False,False,False,False,False,False,False,120,8760
2020-10-25 01:00,2020-10-25 02:00,DK2,370,6535,2020-10-25 02:00:00,25-10-2020,2,0,6,4,10,25,2020,4,299,25,43,True,False,False,False,False,False,False,False,120,8760
2020-10-25 01:00,2020-10-25 02:00,DK2,381,513,2020-10-25 02:00:00,25-10-2020,2,0,6,4,10,25,2020,4,299,25,43,True,False,False,False,False,False,False,False,120,8760
2020-10-25 01:00,2020-10-25 02:00,DK2,382,26104,2020-10-25 02:00:00,25-10-2020,2,0,6,4,10,25,2020,4,299,25,43,True,False,False,False,False,False,False,False,120,8760
2020-10-25 01:00,2020-10-25 02:00,DK2,390,1454,2020-10-25 02:00:00,25-10-2020,2,0,6,4,10,25,2020,4,299,25,43,True,False,False,False,False,False,False,False,120,8760
2020-10-25 01:00,2020-10-25 02:00,DK2,410,5790,2020-10-25 02:00:00,25-10-2020,2,0,6,4,10,25,2020,4,299,25,43,True,False,False,False,False,False,False,False,120,8760
2020-10-25 01:00,2020-10-25 02:00,DK2,421,36790,2020-10-25 02:00:00,25-10-2020,2,0,6,4,10,25,2020,4,299,25,43,True,False,False,False,False,False,False,False,120,8760
2020-10-25 01:00,2020-10-25 02:00,DK2,422,18130,2020-10-25 02:00:00,25-10-2020,2,0,6,4,10,25,2020,4,299,25,43,True,False,False,False,False,False,False,False,120,8760
2020-10-25 01:00,2020-10-25 02:00,DK2,431,10219,2020-10-25 02:00:00,25-10-2020,2,0,6,4,10,25,2020,4,299,25,43,True,False,False,False,False,False,False,False,120,8760
2020-10-25 01:00,2020-10-25 02:00,DK2,432,51529,2020-10-25 02:00:00,25-10-2020,2,0,6,4,10,25,2020,4,299,25,43,True,False,False,False,False,False,False,False,120,8760
2020-10-25 01:00,2020-10-25 02:00,DK2,433,37444,2020-10-25 02:00:00,25-10-2020,2,0,6,4,10,25,2020,4,299,25,43,True,False,False,False,False,False,False,False,120,8760
2020-10-25 01:00,2020-10-25 02:00,DK2,441,37318,2020-10-25 02:00:00,25-10-2020,2,0,6,4,10,25,2020,4,299,25,43,True,False,False,False,False,False,False,False,120,8760
2020-10-25 01:00,2020-10-25 02:00,DK2,442,5082,2020-10-25 02:00:00,25-10-2020,2,0,6,4,10,25,2020,4,299,25,43,True,False,False,False,False,False,False,False,120,8760
2020-10-25 01:00,2020-10-25 02:00,DK2,443,25102,2020-10-25 02:00:00,25-10-2020,2,0,6,4,10,25,2020,4,299,25,43,True,False,False,False,False,False,False,False,120,8760
2020-10-25 01:00,2020-10-25 02:00,DK2,444,19776,2020-10-25 02:00:00,25-10-2020,2,0,6,4,10,25,2020,4,299,25,43,True,False,False,False,False,False,False,False,120,8760
2020-10-25 01:00,2020-10-25 02:00,DK2,445,11787,2020-10-25 02:00:00,25-10-2020,2,0,6,4,10,25,2020,4,299,25,43,True,False,False,False,False,False,False,False,120,8760
2020-10-25 01:00,2020-10-25 02:00,DK2,446,23402,2020-10-25 02:00:00,25-10-2020,2,0,6,4,10,25,2020,4,299,25,43,True,False,False,False,False,False,False,False,120,8760
2020-10-25 01:00,2020-10-25 02:00,DK2,447,18453,2020-10-25 02:00:00,25-10-2020,2,0,6,4,10,25,2020,4,299,25,43,True,False,False,False,False,False,False,False,120,8760
2020-10-25 01:00,2020-10-25 02:00,DK2,450,7268,2020-10-25 02:00:00,25-10-2020,2,0,6,4,10,25,2020,4,299,25,43,True,False,False,False,False,False,False,False,120,8760
2020-10-25 01:00,2020-10-25 02:00,DK2,461,14975,2020-10-25 02:00:00,25-10-2020,2,0,6,4,10,25,2020,4,299,25,43,True,False,False,False,False,False,False,False,120,8760
2020-10-25 01:00,2020-10-25 02:00,DK2,462,10171,2020-10-25 02:00:00,25-10-2020,2,0,6,4,10,25,2020,4,299,25,43,True,False,False,False,False,False,False,False,120,8760
2020-10-25 01:00,2020-10-25 02:00,DK2,999,312766,2020-10-25 02:00:00,25-10-2020,2,0,6,4,10,25,2020,4,299,25,43,True,False,False,False,False,False,False,False,120,8760
2020-10-25 00:00,2020-10-25 02:00,DK1,111,48723,2020-10-25 02:00:00,25-10-2020,2,0,6,4,10,25,2020,4,299,25,43,True,False,False,False,False,False,False,False,120,8760
2020-10-25 00:00,2020-10-25 02:00,DK1,112,1799,2020-10-25 02:00:00,25-10-2020,2,0,6,4,10,25,2020,4,299,25,43,True,False,False,False,False,False,False,False,120,8760
2020-10-25 00:00,2020-10-25 02:00,DK1,119,17327,2020-10-25 02:00:00,25-10-2020,2,0,6,4,10,25,2020,4,299,25,43,True,False,False,False,False,False,False,False,120,8760
2020-10-25 00:00,2020-10-25 02:00,DK1,121,176246,2020-10-25 02:00:00,25-10-2020,2,0,6,4,10,25,2020,4,299,25,43,True,False,False,False,False,False,False,False,120,8760
2020-10-25 00:00,2020-10-25 02:00,DK1,122,34936,2020-10-25 02:00:00,25-10-2020,2,0,6,4,10,25,2020,4,299,25,43,True,False,False,False,False,False,False,False,120,8760
2020-10-25 00:00,2020-10-25 02:00,DK1,123,12887,2020-10-25 02:00:00,25-10-2020,2,0,6,4,10,25,2020,4,299,25,43,True,False,False,False,False,False,False,False,120,8760
2020-10-25 00:00,2020-10-25 02:00,DK1,130,25092,2020-10-25 02:00:00,25-10-2020,2,0,6,4,10,25,2020,4,299,25,43,True,False,False,False,False,False,False,False,120,8760
2020-10-25 00:00,2020-10-25 02:00,DK1,211,103027,2020-10-25 02:00:00,25-10-2020,2,0,6,4,10,25,2020,4,299,25,43,True,False,False,False,False,False,False,False,120,8760
2020-10-25 00:00,2020-10-25 02:00,DK1,212,12692,2020-10-25 02:00:00,25-10-2020,2,0,6,4,10,25,2020,4,299,25,43,True,False,False,False,False,False,False,False,120,8760
2020-10-25 00:00,2020-10-25 02:00,DK1,215,1363,2020-10-25 02:00:00,25-10-2020,2,0,6,4,10,25,2020,4,299,25,43,True,False,False,False,False,False,False,False,120,8760
2020-10-25 00:00,2020-10-25 02:00,DK1,220,16461,2020-10-25 02:00:00,25-10-2020,2,0,6,4,10,25,2020,4,299,25,43,True,False,False,False,False,False,False,False,120,8760
2020-10-25 00:00,2020-10-25 02:00,DK1,310,62995,2020-10-25 02:00:00,25-10-2020,2,0,6,4,10,25,2020,4,299,25,43,True,False,False,False,False,False,False,False,120,8760
2020-10-25 00:00,2020-10-25 02:00,DK1,320,9777,2020-10-25 02:00:00,25-10-2020,2,0,6,4,10,25,2020,4,299,25,43,True,False,False,False,False,False,False,False,120,8760
2020-10-25 00:00,2020-10-25 02:00,DK1,330,4522,2020-10-25 02:00:00,25-10-2020,2,0,6,4,10,25,2020,4,299,25,43,True,False,False,False,False,False,False,False,120,8760
2020-10-25 00:00,2020-10-25 02:00,DK1,340,5366,2020-10-25 02:00:00,25-10-2020,2,0,6,4,10,25,2020,4,299,25,43,True,False,False,False,False,False,False,False,120,8760
2020-10-25 00:00,2020-10-25 02:00,DK1,350,41846,2020-10-25 02:00:00,25-10-2020,2,0,6,4,10,25,2020,4,299,25,43,True,False,False,False,False,False,False,False,120,8760
2020-10-25 00:00,2020-10-25 02:00,DK1,360,40179,2020-10-25 02:00:00,25-10-2020,2,0,6,4,10,25,2020,4,299,25,43,True,False,False,False,False,False,False,False,120,8760
2020-10-25 00:00,2020-10-25 02:00,DK1,370,5996,2020-10-25 02:00:00,25-10-2020,2,0,6,4,10,25,2020,4,299,25,43,True,False,False,False,False,False,False,False,120,8760
2020-10-25 00:00,2020-10-25 02:00,DK1,381,2517,2020-10-25 02:00:00,25-10-2020,2,0,6,4,10,25,2020,4,299,25,43,True,False,False,False,False,False,False,False,120,8760
2020-10-25 00:00,2020-10-25 02:00,DK1,382,20504,2020-10-25 02:00:00,25-10-2020,2,0,6,4,10,25,2020,4,299,25,43,True,False,False,False,False,False,False,False,120,8760
2020-10-25 00:00,2020-10-25 02:00,DK1,390,3852,2020-10-25 02:00:00,25-10-2020,2,0,6,4,10,25,2020,4,299,25,43,True,False,False,False,False,False,False,False,120,8760
2020-10-25 00:00,2020-10-25 02:00,DK1,410,9802,2020-10-25 02:00:00,25-10-2020,2,0,6,4,10,25,2020,4,299,25,43,True,False,False,False,False,False,False,False,120,8760
2020-10-25 00:00,2020-10-25 02:00,DK1,421,57392,2020-10-25 02:00:00,25-10-2020,2,0,6,4,10,25,2020,4,299,25,43,True,False,False,False,False,False,False,False,120,8760
2020-10-25 00:00,2020-10-25 02:00,DK1,422,40011,2020-10-25 02:00:00,25-10-2020,2,0,6,4,10,25,2020,4,299,25,43,True,False,False,False,False,False,False,False,120,8760
2020-10-25 00:00,2020-10-25 02:00,DK1,431,17477,2020-10-25 02:00:00,25-10-2020,2,0,6,4,10,25,2020,4,299,25,43,True,False,False,False,False,False,False,False,120,8760
2020-10-25 00:00,2020-10-25 02:00,DK1,432,29860,2020-10-25 02:00:00,25-10-2020,2,0,6,4,10,25,2020,4,299,25,43,True,False,False,False,False,False,False,False,120,8760
2020-10-25 00:00,2020-10-25 02:00,DK1,433,21116,2020-10-25 02:00:00,25-10-2020,2,0,6,4,10,25,2020,4,299,25,43,True,False,False,False,False,False,False,False,120,8760
2020-10-25 00:00,2020-10-25 02:00,DK1,441,117540,2020-10-25 02:00:00,25-10-2020,2,0,6,4,10,25,2020,4,299,25,43,True,False,False,False,False,False,False,False,120,8760
2020-10-25 00:00,2020-10-25 02:00,DK1,442,15828,2020-10-25 02:00:00,25-10-2020,2,0,6,4,10,25,2020,4,299,25,43,True,False,False,False,False,False,False,False,120,8760
2020-10-25 00:00,2020-10-25 02:00,DK1,443,20188,2020-10-25 02:00:00,25-10-2020,2,0,6,4,10,25,2020,4,299,25,43,True,False,False,False,False,False,False,False,120,8760
2020-10-25 00:00,2020-10-25 02:00,DK1,444,10057,2020-10-25 02:00:00,25-10-2020,2,0,6,4,10,25,2020,4,299,25,43,True,False,False,False,False,False,False,False,120,8760
2020-10-25 00:00,2020-10-25 02:00,DK1,445,15818,2020-10-25 02:00:00,25-10-2020,2,0,6,4,10,25,2020,4,299,25,43,True,False,False,False,False,False,False,False,120,8760
2020-10-25 00:00,2020-10-25 02:00,DK1,446,24533,2020-10-25 02:00:00,25-10-2020,2,0,6,4,10,25,2020,4,299,25,43,True,False,False,False,False,False,False,False,120,8760
2020-10-25 00:00,2020-10-25 02:00,DK1,447,16683,2020-10-25 02:00:00,25-10-2020,2,0,6,4,10,25,2020,4,299,25,43,True,False,False,False,False,False,False,False,120,8760
2020-10-25 00:00,2020-10-25 02:00,DK1,450,16104,2020-10-25 02:00:00,25-10-2020,2,0,6,4,10,25,2020,4,299,25,43,True,False,False,False,False,False,False,False,120,8760
2020-10-25 00:00,2020-10-25 02:00,DK1,461,2361,2020-10-25 02:00:00,25-10-2020,2,0,6,4,10,25,2020,4,299,25,43,True,False,False,False,False,False,False,False,120,8760
2020-10-25 00:00,2020-10-25 02:00,DK1,462,2087,2020-10-25 02:00:00,25-10-2020,2,0,6,4,10,25,2020,4,299,25,43,True,False,False,False,False,False,False,False,120,8760
2020-10-25 00:00,2020-10-25 02:00,DK1,999,558581,2020-10-25 02:00:00,25-10-2020,2,0,6,4,10,25,2020,4,299,25,43,True,False,False,False,False,False,False,False,120,8760
2020-10-25 00:00,2020-10-25 02:00,DK2,111,39825,2020-10-25 02:00:00,25-10-2020,2,0,6,4,10,25,2020,4,299,25,43,True,False,False,False,False,False,False,False,120,8760
2020-10-25 00:00,2020-10-25 02:00,DK2,112,1790,2020-10-25 02:00:00,25-10-2020,2,0,6,4,10,25,2020,4,299,25,43,True,False,False,False,False,False,False,False,120,8760
2020-10-25 00:00,2020-10-25 02:00,DK2,119,24166,2020-10-25 02:00:00,25-10-2020,2,0,6,4,10,25,2020,4,299,25,43,True,False,False,False,False,False,False,False,120,8760
2020-10-25 00:00,2020-10-25 02:00,DK2,121,98961,2020-10-25 02:00:00,25-10-2020,2,0,6,4,10,25,2020,4,299,25,43,True,False,False,False,False,False,False,False,120,8760
2020-10-25 00:00,2020-10-25 02:00,DK2,122,36365,2020-10-25 02:00:00,25-10-2020,2,0,6,4,10,25,2020,4,299,25,43,True,False,False,False,False,False,False,False,120,8760
2020-10-25 00:00,2020-10-25 02:00,DK2,123,4453,2020-10-25 02:00:00,25-10-2020,2,0,6,4,10,25,2020,4,299,25,43,True,False,False,False,False,False,False,False,120,8760
2020-10-25 00:00,2020-10-25 02:00,DK2,130,22063,2020-10-25 02:00:00,25-10-2020,2,0,6,4,10,25,2020,4,299,25,43,True,False,False,False,False,False,False,False,120,8760
2020-10-25 00:00,2020-10-25 02:00,DK2,211,21664,2020-10-25 02:00:00,25-10-2020,2,0,6,4,10,25,2020,4,299,25,43,True,False,False,False,False,False,False,False,120,8760
2020-10-25 00:00,2020-10-25 02:00,DK2,212,2858,2020-10-25 02:00:00,25-10-2020,2,0,6,4,10,25,2020,4,299,25,43,True,False,False,False,False,False,False,False,120,8760
2020-10-25 00:00,2020-10-25 02:00,DK2,215,104,2020-10-25 02:00:00,25-10-2020,2,0,6,4,10,25,2020,4,299,25,43,True,False,False,False,False,False,False,False,120,8760
2020-10-25 00:00,2020-10-25 02:00,DK2,220,848,2020-10-25 02:00:00,25-10-2020,2,0,6,4,10,25,2020,4,299,25,43,True,False,False,False,False,False,False,False,120,8760
2020-10-25 00:00,2020-10-25 02:00,DK2,310,26583,2020-10-25 02:00:00,25-10-2020,2,0,6,4,10,25,2020,4,299,25,43,True,False,False,False,False,False,False,False,120,8760
2020-10-25 00:00,2020-10-25 02:00,DK2,320,2131,2020-10-25 02:00:00,25-10-2020,2,0,6,4,10,25,2020,4,299,25,43,True,False,False,False,False,False,False,False,120,8760
2020-10-25 00:00,2020-10-25 02:00,DK2,330,1093,2020-10-25 02:00:00,25-10-2020,2,0,6,4,10,25,2020,4,299,25,43,True,False,False,False,False,False,False,False,120,8760
2020-10-25 00:00,2020-10-25 02:00,DK2,340,3327,2020-10-25 02:00:00,25-10-2020,2,0,6,4,10,25,2020,4,299,25,43,True,False,False,False,False,False,False,False,120,8760
2020-10-25 00:00,2020-10-25 02:00,DK2,350,22325,2020-10-25 02:00:00,25-10-2020,2,0,6,4,10,25,2020,4,299,25,43,True,False,False,False,False,False,False,False,120,8760
2020-10-25 00:00,2020-10-25 02:00,DK2,360,6404,2020-10-25 02:00:00,25-10-2020,2,0,6,4,10,25,2020,4,299,25,43,True,False,False,False,False,False,False,False,120,8760
2020-10-25 00:00,2020-10-25 02:00,DK2,370,7347,2020-10-25 02:00:00,25-10-2020,2,0,6,4,10,25,2020,4,299,25,43,True,False,False,False,False,False,False,False,120,8760
2020-10-25 00:00,2020-10-25 02:00,DK2,381,520,2020-10-25 02:00:00,25-10-2020,2,0,6,4,10,25,2020,4,299,25,43,True,False,False,False,False,False,False,False,120,8760
2020-10-25 00:00,2020-10-25 02:00,DK2,382,25990,2020-10-25 02:00:00,25-10-2020,2,0,6,4,10,25,2020,4,299,25,43,True,False,False,False,False,False,False,False,120,8760
2020-10-25 00:00,2020-10-25 02:00,DK2,390,1435,2020-10-25 02:00:00,25-10-2020,2,0,6,4,10,25,2020,4,299,25,43,True,False,False,False,False,False,False,False,120,8760
2020-10-25 00:00,2020-10-25 02:00,DK2,410,5731,2020-10-25 02:00:00,25-10-2020,2,0,6,4,10,25,2020,4,299,25,43,True,False,False,False,False,False,False,False,120,8760
2020-10-25 00:00,2020-10-25 02:00,DK2,421,36834,2020-10-25 02:00:00,25-10-2020,2,0,6,4,10,25,2020,4,299,25,43,True,False,False,False,False,False,False,False,120,8760
2020-10-25 00:00,2020-10-25 02:00,DK2,422,18174,2020-10-25 02:00:00,25-10-2020,2,0,6,4,10,25,2020,4,299,25,43,True,False,False,False,False,False,False,False,120,8760
2020-10-25 00:00,2020-10-25 02:00,DK2,431,10315,2020-10-25 02:00:00,25-10-2020,2,0,6,4,10,25,2020,4,299,25,43,True,False,False,False,False,False,False,False,120,8760
2020-10-25 00:00,2020-10-25 02:00,DK2,432,51827,2020-10-25 02:00:00,25-10-2020,2,0,6,4,10,25,2020,4,299,25,43,True,False,False,False,False,False,False,False,120,8760
2020-10-25 00:00,2020-10-25 02:00,DK2,433,37859,2020-10-25 02:00:00,25-10-2020,2,0,6,4,10,25,2020,4,299,25,43,True,False,False,False,False,False,False,False,120,8760
2020-10-25 00:00,2020-10-25 02:00,DK2,441,37554,2020-10-25 02:00:00,25-10-2020,2,0,6,4,10,25,2020,4,299,25,43,True,False,False,False,False,False,False,False,120,8760
2020-10-25 00:00,2020-10-25 02:00,DK2,442,5419,2020-10-25 02:00:00,25-10-2020,2,0,6,4,10,25,2020,4,299,25,43,True,False,False,False,False,False,False,False,120,8760
2020-10-25 00:00,2020-10-25 02:00,DK2,443,25202,2020-10-25 02:00:00,25-10-2020,2,0,6,4,10,25,2020,4,299,25,43,True,False,False,False,False,False,False,False,120,8760
2020-10-25 00:00,2020-10-25 02:00,DK2,444,19765,2020-10-25 02:00:00,25-10-2020,2,0,6,4,10,25,2020,4,299,25,43,True,False,False,False,False,False,False,False,120,8760
2020-10-25 00:00,2020-10-25 02:00,DK2,445,11744,2020-10-25 02:00:00,25-10-2020,2,0,6,4,10,25,2020,4,299,25,43,True,False,False,False,False,False,False,False,120,8760
2020-10-25 00:00,2020-10-25 02:00,DK2,446,23569,2020-10-25 02:00:00,25-10-2020,2,0,6,4,10,25,2020,4,299,25,43,True,False,False,False,False,False,False,False,120,8760
2020-10-25 00:00,2020-10-25 02:00,DK2,447,19368,2020-10-25 02:00:00,25-10-2020,2,0,6,4,10,25,2020,4,299,25,43,True,False,False,False,False,False,False,False,120,8760
2020-10-25 00:00,2020-10-25 02:00,DK2,450,7860,2020-10-25 02:00:00,25-10-2020,2,0,6,4,10,25,2020,4,299,25,43,True,False,False,False,False,False,False,False,120,8760
2020-10-25 00:00,2020-10-25 02:00,DK2,461,14473,2020-10-25 02:00:00,25-10-2020,2,0,6,4,10,25,2020,4,299,25,43,True,False,False,False,False,False,False,False,120,8760
2020-10-25 00:00,2020-10-25 02:00,DK2,462,10211,2020-10-25 02:00:00,25-10-2020,2,0,6,4,10,25,2020,4,299,25,43,True,False,False,False,False,False,False,False,120,8760
2020-10-25 00:00,2020-10-25 02:00,DK2,999,330819,2020-10-25 02:00:00,25-10-2020,2,0,6,4,10,25,2020,4,299,25,43,True,False,False,False,False,False,False,False,120,8760
